x1,x2,target
-2.251229233749811,4.800126449449591,0.0
-2.477492144783163,2.257083957377432,0.35
-2.162419041940662,-4.295104946430809,0.0
1.8327661451794128,-4.983691523701351,0.0
1.7574851156056948,-2.4962340101017686,0.35
2.4610423207150127,2.697501673506494,1.6
2.241072388175379,-4.755165585323896,0.0
2.0373661964376844,4.901456140557631,0.0
-2.5737463147437714,-2.2576142777466144,0.35
3.1352654958053954,-3.3960319494391946,0.0
1.605836755045516,2.550263775005784,0.35
-4.628393381806428,0.5376209426522616,0.0
0.7587725853588285,-1.965571026082058,0.35
3.7634466939751725,-3.3725028070014362,0.0
-1.3580529049413945,3.486686871473294,1.6
-3.093572433940075,3.2137413632767498,0.0
-4.209308226320443,-0.10770932810009981,0.0
-4.246693375542966,1.7790358506151431,0.0
2.906014890556002,3.4985854824680285,0.0
4.812622507439887,1.7201572229958684,0.0
2.690619138400203,0.057582783213293354,0.35
4.127369011811261,1.4375838219946253,0.0
3.8355140625134343,-2.6454798298611912,0.0
-0.032622192819356854,2.2981892106380393,0.35
-2.972782454373167,-2.8866020673802173,0.0
4.780427404056374,-0.6538963926279395,0.0
-3.1818454707622834,-1.6853611801849402,1.6
-1.0262385173407438,1.2308525747022117,2.8
4.230146590477524,4.86590075922091,0.0
1.5169875891111246,1.9992236079772479,0.35
-1.7817083030341099,3.5715859544874906,0.35
-2.8220166477968514,-3.936193506890324,0.0
4.732559900976508,3.6413867682053223,0.0
-1.9635486546186662,1.751707163810492,0.35
-0.32981642586800497,-1.768717938545291,0.35
-2.1322578923970514,-3.639725547790935,0.0
0.4931808227583918,-0.5340330988249224,0.35
0.12186420299944345,-2.846428325205955,0.35
4.386106707732477,1.385911963305415,0.0
3.996006573833368,-3.9072883396724456,0.0
1.228509658561748,3.4946181864416115,1.6
-1.6907922018553334,-3.048568308640136,0.35
-2.3497869419438033,-2.27066273250201,0.35
-0.5280103507646485,-1.7403639722066844,0.35
-2.287259272920087,1.4851229840513795,0.35
-4.469676283281156,-1.5963622186027004,0.0
1.8975196594047485,-3.2415025071899404,1.6
-2.7907213778708764,-2.9933337458708253,0.0
-4.990738932685951,-0.2623224816842731,0.0
-4.610412105838768,-2.2706018822509986,0.0
4.948034245919716,4.183962113902998,0.0
-2.849241918436658,-1.8999756808606727,0.35
-0.3629541773144851,3.444135466592435,0.35
3.026459413930912,-3.7375856343371785,0.0
-3.7555115165164787,-0.8326774610595535,1.6
3.7009538961377206,3.8208499909550238,0.0
-3.926341503134698,0.7429728796555155,0.35
-3.443248028748871,1.8612931000278277,1.6
4.164332479289065,-0.45230707524406366,0.0
-4.169172253079485,0.7925419589454554,0.0
-0.9148332986414527,3.108987523339602,0.35
-1.5965553607361227,3.7489720047258928,0.0
-2.2629959236521513,-3.4248236411131403,0.0
-1.9351962268142007,-4.650842081772534,0.0
-2.187540331257587,1.6011763388203075,0.35
-3.5771702144340765,-3.8863502721341203,0.0
-3.676147087456496,-4.224483257385336,0.0
3.7463541184293963,4.441151154965281,0.0
-4.534388482712137,2.6007178154354023,0.0
2.3715174671719774,4.969094246100404,0.0
-1.5212933827893185,-2.144910083095838,0.35
-0.4691787919017276,3.5657517714919056,1.6
2.2859364253789884,-0.2837618603249723,2.3
-2.554371567141268,2.2701574126837105,0.35
3.5452686804219606,-1.0004876893250914,1.6
1.6858544582098425,-0.9978797882340187,0.35
-0.21506561858515205,0.24910379954913608,1.2
2.7572581402227794,4.775059841289311,0.0
-0.5563383736176766,-1.5768499375239409,0.35
-1.264089935276087,-3.661109306248184,1.6
-2.0306126218227725,-4.135525867311937,0.0
-0.7210573682075285,-3.326427306889511,0.35
-1.5359325402559132,2.9357774939160635,0.35
-2.54072349410864,1.1189462134206893,0.35
4.011814192486128,0.6692918702954689,0.0
-3.0620738722758736,-1.5523380603404568,0.35
0.9036920718406609,0.0661113975985348,0.35
-3.513801637230962,-0.5320365530943105,0.35
0.43066694910248415,-2.3266728554242757,0.35
1.124455153398519,-4.2983990051479015,0.0
-1.6339296643448318,3.042768327775745,0.35
-2.407151990918446,1.0517685000307821,0.35
-0.8997028628968806,-1.835398575847532,0.35
4.161316879100269,-1.5673828191961645,0.0
-2.6332409851298166,4.093013156402705,0.0
2.4594435593581485,1.8179971369819734,0.35
-4.504650579331242,-3.687950392842242,0.0
1.3833996380966287,-2.9056716347373976,0.35
-2.7436201436964094,2.7913851534361065,1.6
-2.1407505116305736,-4.28412697848084,0.0
-4.635680526901389,-0.5682201275471224,0.0
1.1712857768464602,3.688852333918028,1.6
-3.891956049673607,-3.033271737117037,0.0
0.29800610907471103,-1.3589163775802495,2.3
-0.17462548754505391,4.241246489842155,0.0
0.44891653864687164,-0.8487938938792405,0.35
4.8943990669974475,-4.347843301004637,0.0
4.32113448371172,0.016618420654830324,0.0
0.03756337767138085,4.219643342032093,0.0
0.07323979593069474,-0.6159290946985116,0.35
-2.27511407882801,1.5881676681742087,0.35
0.6964509097976155,-2.8565456305221693,0.35
2.094129150613248,1.440868573366405,0.35
-1.026661157934592,-4.955990780964495,0.0
-0.5341884982381231,-4.939418828697483,0.0
-4.2500151070096015,-0.6939009751916592,0.0
-4.180801158146723,-2.2433456621283376,0.0
1.5549136855896837,-1.9138465739058095,0.35
4.976485941215104,4.163020339149812,0.0
0.8530990458552363,4.669471386349304,0.0
3.6801729443252214,-1.81101481159513,0.0
2.495962459853094,-3.6316821599605262,0.0
1.8455142437874104,-0.08918173505419524,0.35
-4.831740607471753,-2.2577017760962925,0.0
4.553822174042486,-1.841685149115193,0.0
-3.1854554469855936,-3.1246855342779165,0.0
-0.20786735358051,3.42649240670535,0.35
2.580017651333465,-0.6314799246222567,0.35
-2.9127311656303947,-4.5393509989780885,0.0
-0.3736968051726901,3.147753485181916,0.35
2.2968199359431374,-0.9139923237274967,0.35
0.9470267191760033,-0.6375347905378241,0.35
0.7901610979017786,0.1750524439354919,0.35
1.80966600125159,0.07708843533123932,0.35
4.406109981675586,-0.7197181841831384,0.0
-4.840836969602891,-2.6362646459101544,0.0
0.006068581066559275,0.40571851888661925,1.2
0.5238478931205348,2.1455209827008215,0.35
-2.2535185738247208,1.6490367904147716,0.35
2.040322731192128,-0.8871924737917372,0.35
-0.9783090085367796,-3.2107521434355024,0.35
-0.8601262374462628,2.8681629170701237,0.35
4.089730055498839,0.9361319131796542,0.0
-2.006296566457012,1.8228971865973147,0.35
2.4014620869600387,-1.6778722121933765,0.35
3.2654786148954678,-4.263041678616599,0.0
-4.892462823999745,-3.770292273679474,0.0
-3.4399165217249026,3.789290329477213,0.0
-0.7501829777871913,-2.250683080296183,0.35
-0.7092488401318064,-1.051591072993677,0.35
-1.9853833201198299,-3.621004175880347,0.0
1.5591546197388064,-3.6339559722034465,1.6
2.754244526726744,-2.983119867195464,0.0
2.313713071333117,3.0558610569546687,1.6
-3.7467399022554924,-4.13254231711996,0.0
4.495727706536599,-0.36953193247419325,0.0
1.3023549497298834,-4.767395598782322,0.0
-2.212898194436601,0.05397654559386211,0.35
3.862183133894039,-2.285605824356237,0.0
2.7519131985871956,1.622129282587018,0.35
-3.8472923219425503,-2.066248272080035,0.0
-2.6213596356138025,-0.5747241242671457,0.35
1.3533424304758421,-0.6658024449149336,0.35
-2.5546342424819404,1.958787682282754,0.35
0.8447109471148986,0.19313907415691922,0.35
0.5441959744597833,-2.7809935370617644,0.35
1.8043106109245617,-1.1249946446123174,0.35
-1.3653218026998037,-3.5026579173322947,1.6
0.9683733455044639,1.0266441054650652,2.8
-1.5969935633347165,3.598500568655341,1.6
3.4545789871542834,-3.9094569351756867,0.0
1.9503838780991822,-1.0616524381497774,0.35
4.997148510628929,-2.749763703153476,0.0
-2.194757945855106,-0.5789370544427257,0.35
-2.3128485131933685,1.9199336638651419,0.35
-0.1909188781851947,-2.7912116515045984,0.35
0.06374069486562561,3.887877663650384,1.6
2.9239564685005277,-0.011710755731789924,0.35
-2.115073968580523,-3.201135352974722,1.6
3.7838287718689543,2.1016694049869633,0.0
0.7216330314745845,3.7943464595366834,1.6
-3.783097126259105,1.8248928600206824,0.0
-2.8328768758676803,-3.79422558984013,0.0
-0.3439148999306685,-1.1260707023564631,0.35
4.411736093251854,-1.7602045324818363,0.0
3.1490225905200244,2.4882700046834474,0.0
1.6792387005853628,4.204004729600596,0.0
-0.9207540561865795,-1.1032881401713435,0.35
-3.3905257641849063,-2.2423792450493085,0.0
3.797764560608707,-0.25617867088632007,1.6
-1.5864667780928956,-2.8388794491782887,0.35
-0.15039749756384957,2.166653704645288,0.35
-2.133079745429246,2.5771652081265417,0.35
1.297877747249184,2.875625625397042,0.35
-2.490903711250877,1.3102814473304534,0.35
-3.4626472051115806,-1.3620301783536326,1.6
2.2436009484280124,1.3166838557993588,0.35
-3.1213927466247804,3.583426720925292,0.0
-4.466490176548181,0.9521568851664952,0.0
4.838205002316062,0.315047318427486,0.0
3.006718199594207,0.9518097318910215,0.35
2.8308831492299262,1.555941353552872,0.35
1.9113201453752868,-2.7218884891361594,0.35
2.4182091357291764,-2.6209011333566923,1.6
4.806402751425882,-2.722128090387953,0.0
-2.633159964023437,3.5867312048386406,0.0
-2.5701413803718087,-1.3909720650871704,0.35
2.146401611790269,-3.4125141980523677,0.0
-3.4092824517249776,-0.13641576733381022,0.35
-2.5630324576727315,-2.6434204443096645,1.6
-4.907610785814873,-1.2955040880205204,0.0
-1.8174944538159679,-4.688441891733296,0.0
1.2123317821366353,1.2665518200335404,2.8
-4.291995282263411,-1.8295843709054695,0.0
3.7280553199539774,0.8216706824457845,1.6
-0.8802527598801211,-0.3489807153590405,0.35
-2.9172000556419486,3.118815007079279,0.0
4.140047054509676,4.106640422500437,0.0
-2.760656083077003,-1.8925973222354306,0.35
-3.393772251904632,-1.9279886636768682,1.6
-1.671946278773997,1.3310573706463549,2.8
-3.1035361845187537,4.1939692436774365,0.0
-3.9690052991469003,-4.93121988965667,0.0
3.549451286305331,2.0376980776604974,0.0
-1.4464012964400155,0.9549970591011805,2.8
-2.7645589916076663,-3.3161035135462402,0.0
-0.2885086486127717,-1.4681217027903912,2.3
1.1523005053529207,-2.818508154389685,0.35
1.6292770056061867,2.668615203028132,0.35
-3.333638569715256,-4.56141716582084,0.0
-0.6041262469866124,2.740240859924371,0.35
1.5077983557414267,2.018817204145913,0.35
-0.9716066000663162,-2.650544547469301,0.35
0.31778843284609426,-2.956343062508031,0.35
2.262286969850658,-3.0303354404052296,1.6
-2.0873673328565854,0.06544778323005396,0.35
-0.13290065856505073,1.0084937640702938,0.35
-0.6255539950008302,4.194733085100914,0.0
3.3993409419718823,3.7911345123663835,0.0
1.2951657140343755,1.3500791586080645,2.8
1.091986837159487,-0.6511584557854375,0.35
-1.778939989327374,0.9200288744887031,2.8
-4.744681628615497,-4.92543568576197,0.0
3.516418262967486,-4.535759552223778,0.0
0.24795150333418015,1.1498776294964506,0.35
-3.018287703775644,3.957308382651483,0.0
-3.0990422825162502,3.845149873666747,0.0
2.6299026933303518,-2.5925704647580607,1.6
-3.4925583372390645,-1.8376728981376491,1.6
-1.020494337297253,-2.5421532350107654,0.35
4.988915487544233,-2.7034766376041897,0.0
3.30634826982857,-3.4088225290952723,0.0
4.802446252759475,-2.744765417169152,0.0
-0.783114452164078,0.5856406676790646,0.35
-3.7971428484390666,3.168200674791013,0.0
-2.2531446731917013,0.4926990160166378,0.35
0.4963381069324688,1.02640652325785,0.35
-4.445140134756853,-3.313812381684321,0.0
-3.3880775707663577,-1.979487405841481,1.6
-3.5508584314166014,4.2192132077428965,0.0
0.12954450511300752,1.2357514770268443,0.35
-1.4251182460187914,-2.2375385896608844,0.35
0.031771702322130224,-2.056770251651664,0.35
-1.563540742702357,-0.4724912572914288,0.35
0.05733687184355496,4.843140117818388,0.0
-2.766774118380595,-0.1202383511735281,0.35
-3.5048826051066104,-1.5000076729202738,1.6
2.1731071870640424,-3.255378562394254,1.6
0.8135130755004312,-0.8329897643199278,0.35
-4.48420455595527,4.330752414784445,0.0
-0.8639685970711364,2.839265357511662,0.35
-0.8368651126819966,4.3736032157878455,0.0
-2.0952966557110253,-0.877693503123032,0.35
2.588642402592863,-1.5633268471914308,0.35
-1.3564292866482064,4.948231734142235,0.0
0.5561452569035197,1.8938045367014809,0.35
1.4346223415360981,3.2792414715657223,1.6
3.61825099441743,0.6325613247030955,1.6
-2.0544392503360065,-4.771997524250305,0.0
1.1440325106432017,3.2546883326561957,0.35
-0.4946019448834047,-3.352938595091357,0.35
-2.119179270643591,0.09988929511864608,0.35
3.366812189776665,-3.2824685393157935,0.0
1.121498757095142,2.5336861395054546,0.35
4.360475203348232,-3.832963083211406,0.0
4.263916341645574,1.0146753517447946,0.0
2.6670158743228605,-4.462252904314445,0.0
0.06148155640595121,1.2262967408079373,0.35
-1.931661601271598,-0.6834979189874737,2.3
0.5429813527959801,0.5254793977297991,0.35
-4.5813847459316195,-0.6051823342110758,0.0
-2.8618184520776913,4.166950780853497,0.0
4.76579990123334,-2.003531036479309,0.0
-3.2481460274894127,-2.804958490516569,0.0
-0.22247744647046286,3.7450559911317836,1.6
0.00036214937639655886,-4.4460793828470235,0.0
-4.6011439728685595,-2.726090543771514,0.0
3.427712776094289,1.2148055753514395,1.6
0.6295785378629146,-1.8103040741735787,0.35
4.294254050461873,-1.6882175503786758,0.0
3.349444126529468,3.959035179758841,0.0
-0.16664986783863256,3.9428926948074263,1.6
-2.231967126089529,1.5843342618327583,0.35
-4.120362514756137,-0.2606578590760611,0.0
-2.826681978416521,-4.372367220693971,0.0
-4.962744919223793,-1.7524788355919165,0.0
0.8953059453676282,-0.4476965234884265,0.35
-1.9823070148050395,4.912000307762511,0.0
4.395250399796778,-3.743466931625031,0.0
-0.8489257333150526,1.488469339936108,2.8
2.3349079752993678,-1.3362784509050964,0.35
2.4628181273534766,-3.758499870893217,0.0
-1.6818737474229528,2.164331757559051,0.35
1.2568279026037512,3.3721021486165483,1.6
-4.531429773328449,-3.256082821769515,0.0
-4.515054177280335,-3.078857757507887,0.0
-4.95717189367065,0.042103016788662906,0.0
0.28314395568255435,1.578917814059948,0.35
-1.1508755279895655,-4.96792309314816,0.0
1.7389115440763714,-4.457089122520874,0.0
3.6617043081774394,-4.773460122920627,0.0
0.30475123256632486,3.949178823855208,1.6
0.7248957578878015,1.0841674654392994,0.35
1.816108483374057,-3.77591152269533,0.0
1.7492710081055947,3.8035488201281513,0.0
4.742208328353165,-0.56948000641653,0.0
-1.5549514832245315,2.53309615596317,0.35
0.4287428809531457,-2.426953455449695,0.35
-3.2784211503029703,-3.297696994072563,0.0
-0.408229633938479,-3.298755943843499,0.35
-4.802810559885142,-4.4791122503031,0.0
4.298845439529657,-4.270386588398642,0.0
-4.268193094190405,-0.48811554466467566,0.0
-2.5489971766496744,4.626938521724977,0.0
4.109858394978042,-0.9525675132873292,0.0
-0.5126848058374076,-1.2488634692442977,2.3
-4.621338833568718,-2.071531607452913,0.0
-3.7732653038801587,-3.9762966998487723,0.0
0.6086157293638781,-4.012351422864377,0.0
-3.970686762047364,-0.19486285180651386,0.35
-0.5771763487736123,-3.6236521486763063,1.6
-4.95550975191137,-3.0702555823215616,0.0
-2.6410774581795926,3.0024844360886753,0.35
4.1543835052721505,-0.9405560251203031,0.0
-0.9497327349902216,2.1248128375986672,0.35
1.26922015704689,-3.1585981330659085,0.35
-3.9231087770413864,-0.6238810934494925,0.35
0.6482836316276295,-3.6129239684119074,1.6
-2.0672650659155547,-1.9405700356942512,0.35
-2.38701798975836,-0.3923873370820896,0.35
1.5306358431973859,0.09389883615992378,0.35
-2.985434377526558,-3.970609529526002,0.0
3.2187046289870036,-0.20695317282214276,0.35
-4.378608158661228,-2.41878500350442,0.0
3.0403377838415473,2.5172632477354995,1.6
3.7581663289737772,1.0208782600169206,1.6
-0.7709406564194499,-0.7336500244554935,0.35
-3.0599995550705628,1.5079896151788184,0.35
0.8506875609285398,-3.4513558857116413,0.35
3.8566292004537477,-1.3153179668940296,0.0
-4.502612344789315,-1.7211907922021616,0.0
3.6985671471157584,4.169565858617846,0.0
-0.0960158274036651,4.563399400734179,0.0
3.752418092119761,3.2523071709922533,0.0
3.59710064682206,-1.1812458783117652,1.6
2.564689407555436,0.7733900307614929,0.35
2.1968400174030664,-3.2221389241922536,1.6
2.3139391177494195,4.575924341941718,0.0
-1.9733667761857046,4.86161323955627,0.0
-1.2162398519462894,-3.0027650297896713,0.35
-3.877137701997616,2.8496191328817773,0.0
0.5482540037656838,-1.9286870633797113,0.35
1.0845036979375786,-1.6789881215899527,0.35
-0.5164224267154127,3.6266412575309115,1.6
1.6816647685916477,2.6240183970471644,0.35
0.8349355146957631,4.913980488856209,0.0
-2.5858993370910732,-2.3770883928118525,0.35
-4.0744106126166715,0.5401950207071051,0.0
1.133592364083679,2.259615728988198,0.35
-1.6455407405073896,-4.877431981349728,0.0
1.3222953708832001,4.986954925203827,0.0
-2.0545064621000755,-3.1606554753098024,1.6
-2.1823304217364683,-0.745845252229528,0.35
-2.4908707104743533,-1.5303997463247008,0.35
1.3820673857936256,-1.549720131573853,0.35
-1.0394105521634533,-4.59968737200736,0.0
4.179425016228697,-0.9311404008514632,0.0
-1.718564839652057,-4.135158037546155,0.0
1.3418321539518363,3.6382495026375494,1.6
-4.588467999475997,-3.547275326339645,0.0
-3.5361017111379267,1.0227485534779293,1.6
4.212305027183689,-0.6223163293449039,0.0
-1.5619355180614933,2.6584068559669127,0.35
2.425690617556514,-2.5324386072279035,0.35
-3.3917363769211395,-1.4218996758464364,1.6
2.7560339222663117,1.950633899149783,0.35
1.6585370635620524,3.2942856016320388,1.6
-2.2286968765860626,-1.6031627453048989,0.35
-4.57660549390824,3.6874577580353343,0.0
0.8242973492217809,-2.0187770811630665,0.35
-4.305834685506344,2.234095031624596,0.0
2.4873751954906105,1.6617865211502263,0.35
-2.9621902905327047,4.132160585086048,0.0
2.5315801902087633,1.577563235839703,0.35
1.5094392342178757,4.043577000916411,0.0
4.283071330971238,0.956374180102399,0.0
-0.8333058903745165,-1.362660204405838,2.3
3.190788410807224,1.4460533983433352,0.35
-4.227339697463464,-3.578139869849728,0.0
4.0018589510484635,3.844981481045009,0.0
4.518324486974688,-0.7214903267167632,0.0
2.8406090764070715,3.282250273143216,0.0
-1.843030941618069,-3.546622887728578,0.35
4.97026361639173,-4.697807962486501,0.0
0.97335918711443,1.5021227418170895,2.8
1.8178934196964835,-2.443722560309103,0.35
2.2157924429885076,-2.8360043671873445,1.6
3.290382557516825,-2.808833259153655,0.0
1.9670602907607746,2.834134858339759,0.35
-3.1105424953781124,-2.6201351236739723,0.0
2.7910373873436694,-4.140010283650471,0.0
-3.0923904753333584,-0.44469093810084814,0.35
4.301819287447707,0.6187783489301051,0.0
-1.1232215179177452,4.7837022222247665,0.0
-0.3628869377871151,-0.6626502631251796,0.35
-0.8835568311227648,-1.8781992739320374,0.35
-1.7430519026241562,1.8783705992949802,0.35
-4.591644026581188,1.8181672564631892,0.0
-2.987955018741272,-1.1579199679550713,0.35
-3.5346102743966803,0.527510440724698,1.6
2.2935044495213965,-1.4534442394363536,0.35
-3.3658342245973705,-2.7349441806882444,0.0
3.1811291852557257,-2.3235126494014757,1.6
2.7470259301122715,-1.688005931937889,0.35
-3.1126744565703746,2.27308559627431,1.6
-0.31454970524793247,-4.687227487251936,0.0
4.599424193443987,-3.522465549278926,0.0
-1.4659302354690862,-1.1520536500429266,0.35
-0.10570100741586685,2.8544402233417063,0.35
-4.939097203248732,4.324720513360747,0.0
1.4598946020301113,4.506488791489357,0.0
3.1738953741648572,4.278382180832169,0.0
1.0100055093567804,-1.4269101712282515,0.35
-0.5708593688639629,1.5803231038411294,0.35
-0.7306814023366375,2.3167278346778915,0.35
-4.0815198391997045,3.2998664898488865,0.0
-2.9581136035799585,4.439476095247226,0.0
-3.4445420006273206,-3.708358038976022,0.0
3.1187611058739293,3.187018277030143,0.0
2.3875941988124723,4.605304639047047,0.0
-2.2946037131458397,3.266487389902876,0.35
-1.4795946995657916,0.37398625569340727,0.35
-0.5439997029867127,-4.941499773263928,0.0
0.7446219353915771,2.4750588776395297,0.35
-3.2544761642472873,4.316558618930374,0.0
0.30399539418503796,-3.217539968489065,0.35
1.4594757091688528,-3.08077291484656,0.35
-4.364666517046636,1.8531524241924222,0.0
-3.893051166945055,-3.937825516235647,0.0
2.3994356318181334,-4.447977667919289,0.0
3.097691790479546,2.9614875864782766,0.0
-3.58606571922234,0.18380647276968887,1.6
-4.0337450903105765,1.3257121978598718,0.0
-4.370699870294534,4.444808563227472,0.0
-2.9226926463041836,1.8289465594864502,0.35
-3.7170857562288995,-2.904035516732235,0.0
-0.49050351116629365,0.7309614134151623,0.35
4.98863240391683,-4.740737719090559,0.0
-4.99685580355913,-1.4963290528505202,0.0
-1.3384363219758013,3.838372360986316,0.0
4.12582547697302,3.8052497635931886,0.0
-3.568212495139522,-0.8789516481892656,1.6
2.458851622950232,-1.873889322157586,0.35
1.632380285105512,-2.62857136808908,0.35
-1.7658074203919192,3.6042964934848385,0.0
-2.494909639110049,4.643240868848629,0.0
-1.9374043906315306,-4.7647189017672265,0.0
-2.4509909619742953,-3.2879505775657423,0.0
0.06826966217549746,-3.8728393367214,1.6
1.2604887724540967,3.748990705564946,1.6
-1.374811181962643,-3.3150728069459556,1.6
-0.9997500421558705,2.8596682145062697,0.35
0.9148767407959557,-3.988567866723969,0.0
0.3718715432703332,-0.31914618544406803,0.35
-1.7288774397883855,-3.8983940394667673,0.0
4.811119356202749,-3.239566801067444,0.0
-3.072571092092545,-3.5441730789776416,0.0
0.7019303869893809,-0.5633042551729961,0.35
-2.5044281797344405,-0.7057661697847184,0.35
1.7352185106171794,-2.182994685013698,0.35
4.152457760303804,-1.9365376282229416,0.0
-3.0182096917714674,4.545678468728145,0.0
3.1056061011817935,-1.5686237515653447,0.35
3.4143185114387595,0.18814249153800056,0.35
-1.532475017389372,3.3961158953921426,1.6
2.521650668644404,-2.021251573568942,0.35
1.0667851525797376,-1.3060977648020278,2.3
-4.989480274396119,4.618157414002793,0.0
0.49629076072836753,0.9843260166578318,0.35
0.9989142567729488,0.506414608194028,0.35
-2.0995215522640653,4.715761249080563,0.0
1.2166841251528488,1.709213605539615,2.8
-0.4520724268295018,-2.121385995092174,0.35
-4.356510178250707,-1.4976980343211377,0.0
-3.239025707316079,1.6208826825701186,1.6
3.7900388480271943,-1.972451417543477,0.0
-1.6711737458595346,1.7036450382901167,2.8
-3.5072856575876363,4.294374266776991,0.0
-1.3615321897451693,-3.9880055407322534,0.0
-3.253159950793585,4.327460760074581,0.0
-2.5288071163098005,1.6226880383128641,0.35
-3.438347764617349,-3.058983076512223,0.0
3.7923821889997757,-3.519667798974382,0.0
-4.812494132637209,0.012331895262763126,0.0
3.6272681326293466,-1.7400895458437526,0.0
-3.718377293542895,4.822308295656377,0.0
1.7673862948941332,3.5069063194815637,1.6
2.5213827232892374,1.9824227398919012,0.35
-1.1543593286907972,-1.756600067963606,0.35
2.169585958944741,2.167130081772301,0.35
4.505883840490933,0.6865981784832229,0.0
-2.0537889421232647,-0.10471200669522585,0.35
1.1371381672591916,-0.732702004230875,0.35
2.911331233595482,0.8461321221583775,0.35
-4.905642723723495,0.6983988823200846,0.0
1.3360378594186093,4.1526125154407065,0.0
-0.8627832633581143,0.7446765927135832,0.35
-0.25002549285626063,0.31656428468885345,1.2
-4.326959293310035,3.972836675331015,0.0
4.104123398316256,0.4805960984263269,0.0
0.565555157209455,-4.424439640560455,0.0
0.979505131197568,-0.7084821012083751,0.35
2.090436302344373,-4.528750834044276,0.0
2.108876827294898,-2.131061761676861,0.35
1.5170533045310801,1.27125975312123,2.8
-2.731585153677675,-0.5954765478373325,0.35
3.3563325905332455,1.055916435947739,0.35
-4.312616980215886,-0.5709116867917032,0.0
-1.88228541222083,1.416456789116327,2.8
1.1456394129526082,-4.896018984898594,0.0
1.0769550941846298,2.348496539849368,0.35
2.6873003240157542,-4.410242296100389,0.0
-1.9634158289013106,-0.7872643944847617,0.35
-3.202282922050882,-0.792661288349902,0.35
-4.288704641744077,-3.867827169929484,0.0
1.6869476284341944,-2.37427538839845,0.35
2.1140584747957245,-4.518914719833321,0.0
0.6270305304350288,-1.0855133641315975,0.35
2.9697139191546533,2.839515802055619,0.0
-1.2444035754249185,1.2271401408771432,2.8
-2.724511311805119,0.8040683618042017,0.35
-4.187353060524775,-0.653957158813899,0.0
-3.1727231846189086,3.8338118209152263,0.0
-0.5509918203316824,0.907737486375348,0.35
-1.396181396699896,-2.112589647601971,0.35
-2.9708021693846645,4.118715826670197,0.0
2.9946578242695265,-3.6673885556896915,0.0
2.4672487629179827,-0.8146922296334678,0.35
-4.846033450394302,0.2836732037622198,0.0
-3.6995355991513392,-2.9006568690640533,0.0
1.9604096142409304,-2.428579628588039,0.35
3.9188820184181665,1.571697584241699,0.0
3.322834849108091,1.1518953833018406,0.35
3.6884959102201584,-1.3831532497784984,1.6
0.4914057688557971,0.1589040044433352,0.35
4.037907080779705,-3.3508459139138647,0.0
0.780607631866924,2.544311942269804,0.35
-1.2995023946633966,3.6758152461597646,1.6
-1.2698523292226591,-3.2669124010408392,0.35
0.8404835540503175,-0.794319899626875,0.35
-4.848098953179955,-4.301614075064968,0.0
-3.0472281979341,2.6932995951815233,0.0
3.920395160337483,0.45640874014222454,1.6
-3.9443453748587656,0.3441895224184597,1.6
3.55605460596945,2.4947762912258966,0.0
-2.08901836302625,-3.7610939071164218,0.0
4.00681699762243,3.5408874663221095,0.0
-4.4628463485477425,3.236744898245643,0.0
-4.027873622150605,-4.36716366597963,0.0
2.5860089714625945,0.3631062192495804,0.35
-0.854519759096811,4.038621959760219,0.0
3.3930357206775383,-4.423765284529434,0.0
1.1608724194117235,2.7226740320745826,0.35
0.5049057977495206,4.830054990761884,0.0
1.8604750464754822,-3.958569873029747,0.0
-3.0170198800004657,3.2624562119946194,0.0
4.967566731443,-4.016607331276103,0.0
-3.996706821549516,2.6338705414328345,0.0
-4.356457182834604,-4.314398839351526,0.0
3.888164830096626,3.0044981231845096,0.0
3.8156319986438234,1.505134021327537,0.0
-1.7746357806114155,4.0631319033279105,0.0
-2.0127647502556822,-2.2448916054515067,0.35
3.8640041919277124,1.8082259249320787,0.0
3.956720847092427,-3.440987107460276,0.0
4.5229679776563145,1.127421567003271,0.0
1.6803504409342764,4.140605803264515,0.0
-1.1924702530537132,2.195749946958622,0.35
1.4034062112448398,2.8775271886596023,0.35
3.969427918333073,1.800608554300947,0.0
-4.323604454969356,-3.1685965415021977,0.0
4.539781822670841,4.686504733772262,0.0
4.674133136983624,-4.632005995998821,0.0
-1.1755183205058173,2.5967270398799602,0.35
2.528858036578309,-4.140910950500415,0.0
1.0948888708951898,-3.5713038145914258,1.6
-0.06790667132206707,-2.603142991588785,0.35
-4.4683882826527235,-4.199805744733904,0.0
4.108929497299082,2.4464596420153404,0.0
4.318239817729504,-0.3001006766644734,0.0
-0.8670750104719573,-1.4159270749790442,2.3
1.1630709605208995,-1.484406130286664,0.35
2.462732339820062,3.013173262158622,1.6
3.7584459342938104,-2.5719906975472275,0.0
0.2702204929237535,-2.7655538327016114,0.35
-4.624441765796589,2.0782530416983764,0.0
0.4898127393512466,2.2392727955308365,0.35
-4.123770885934629,4.955261790619419,0.0
4.94348566947032,-0.3500017449648727,0.0
3.66058715183836,-2.5643144419444317,0.0
2.37566161223297,3.792258568135658,0.0
3.1466626608077846,3.117740782411575,0.0
-0.36973367911134947,3.199899477787728,0.35
1.9070481302130045,-3.6754860185579563,0.0
-3.8581559593547987,2.719221359346399,0.0
1.2546408877292379,0.19376117191377418,0.35
4.072617908488281,1.5959035687121856,0.0
-1.038532549116998,-0.8606819182381624,0.35
1.0524436081758495,2.602752846863484,0.35
0.6435330694912409,0.08760882219179678,0.35
2.269007026541818,2.0526454990703638,0.35
3.303468406135611,-4.374482137227056,0.0
2.549521320819789,0.1376045095168994,0.35
-4.2530687996684815,1.7901002816951976,0.0
2.1654019400194278,0.23627169544684445,0.35
2.937989776497628,-1.997518913706985,0.35
-2.980927814685639,-1.4926604825672154,0.35
-0.8994948670402252,1.9593360240216882,0.35
3.455199378782277,2.2091819007867652,0.0
-3.2601244093039847,-1.3378291519974264,0.35
-3.41586286552222,1.867241995580513,1.6
-2.518281217831059,0.25386932851846744,0.35
2.918298431946843,1.7093927492161507,0.35
-2.0162600933486727,-1.6713324938365917,0.35
1.533642866030318,0.49467749339944156,0.35
-4.036065125299556,3.7399158927354605,0.0
0.12613248053628645,-0.26638986802534603,0.35
-3.015606633677377,-1.230061810294627,0.35
-1.6717513768490089,-2.2926431717057314,0.35
0.6740657464677309,-0.37724639719717956,0.35
3.891976853146673,4.413439770471609,0.0
-2.8052657077190912,-3.998945712327895,0.0
2.853375514877494,4.94861403638609,0.0
3.636000698541542,-4.763025978812653,0.0
-2.48736449293534,-4.566577229587361,0.0
3.2077937704116657,0.8140697629231628,0.35
0.13718541167053822,0.5444988199652752,1.2
-2.475487413034089,1.0163836913886284,0.35
-4.6933302153597,1.4601172397083957,0.0
2.3443383017883077,1.7302626371182717,0.35
-1.6788248168777975,3.2626291512754264,1.6
2.155439971174821,-3.7170267707572213,0.0
-3.0485577946168494,1.3710841317823865,0.35
-2.1058386644397387,-3.8056705855376305,0.0
-3.4503100685010777,-3.343828194595994,0.0
-0.22209093181617767,1.0738545342949735,0.35
-3.2359772514558505,2.124966103632211,1.6
-2.1898739249847154,-1.8844186160603913,0.35
-2.7650137892589246,2.85206135943191,0.35
4.598138329368771,-0.07500151321907289,0.0
-4.579693585680078,-2.3943068357452413,0.0
-3.4194970888115392,3.427622848520178,0.0
-4.151460125667948,4.664762406883838,0.0
0.8851377662462596,0.1773978707416326,0.35
3.4735062241918673,-4.724523787085438,0.0
2.771527494070096,-3.833959544314834,0.0
3.407780989404321,0.2917621923786182,0.35
-4.388705976399082,3.3324503880132443,0.0
-4.726858829287483,-3.616293071063965,0.0
2.9782452382662896,-0.35128876142109,0.35
3.8138870435483376,1.3542927279108348,0.0
1.2352875437040804,-2.077648938679851,0.35
-3.6631947644826646,4.611723908966827,0.0
-3.952023108566048,0.29010600073567616,0.35
-2.2743140916521973,-2.358593364185453,0.35
0.9458621930281303,2.979341171788689,0.35
2.771794828312787,3.6880168919355345,0.0
-2.0709726208763293,-0.342486182849262,0.35
-4.90665426779975,2.468576231363655,0.0
-1.9765688785771696,0.6149353327018652,0.35
-3.306997179805493,3.1939950713432843,0.0
3.1727221927827784,3.774529147529556,0.0
-4.540630028932772,4.924587097750138,0.0
-2.5222058556030547,-1.9056631395265056,0.35
-2.506642708095539,-2.3246730163346765,0.35
0.5266135610364664,-2.601894556962204,0.35
-1.0622868859959524,1.556065824432153,2.8
3.360262035777268,1.9274150026687948,1.6
0.9432284478732322,-3.522714374589313,1.6
3.1611560154128266,-4.627251120069613,0.0
-2.3580833676469792,-4.429410830680388,0.0
1.674289755844626,-1.3162891740648552,0.35
1.520484832048668,-1.529690406964097,0.35
-0.442592692005058,-0.4203898983381915,0.35
-4.544193463324554,-0.6977347365399647,0.0
1.410643631152027,0.4605224607543379,0.35
-4.247162337217127,1.6805598568674887,0.0
-1.9113724508473906,-4.855651972209779,0.0
-3.4440444291575476,-0.02440342683440555,0.35
-1.8959834096993133,1.9438301375355085,0.35
-2.5934652443423554,2.727961684751686,1.6
-2.1352281860602007,1.2086370758441571,0.35
2.9921638025118016,-1.1444387135625114,0.35
-4.531950581845296,0.35445521058880836,0.0
4.954090615445002,4.689918663769136,0.0
-2.7897780605583176,2.556965094242524,1.6
-1.5504816817993405,-3.397275198169085,1.6
1.6591470060249325,0.008687295267689521,0.35
0.39230557655677245,3.2739266223550842,0.35
-1.6345632411257691,1.6709475955566298,2.8
-1.3380853303737474,-4.572761034195708,0.0
-1.219848926636511,4.500344632041347,0.0
-0.16737517911582955,-3.917695631631318,1.6
1.8782682937622583,4.633793497185213,0.0
4.0794524654425715,0.7196083780813867,0.0
-1.237192556514688,0.8067766850924043,2.8
3.1593106219924945,3.612373420184543,0.0
3.1884388494244114,-0.4452362155826233,0.35
-3.8114201042977003,0.6917342673877638,1.6
-3.435711719666348,-4.39041666102144,0.0
-0.013321665711391262,1.5537345004662795,0.35
3.541473064063931,2.828355539543036,0.0
3.5724051275654816,2.6006877082089055,0.0
2.0323939690613937,-4.8986243085930035,0.0
1.2610231180921048,-3.795181958608823,0.35
-4.413328676674589,-3.435878478943446,0.0
3.232921614417503,2.438493931000214,0.0
4.487724052052123,4.789762586504105,0.0
3.9328398637398205,-3.6707394902300083,0.0
3.7838274092498043,3.3863713478864526,0.0
3.710858598596973,-3.483143828835086,0.0
-3.8320817222668246,4.238088795840817,0.0
-3.261733508654955,-1.313782689573988,0.35
-0.44015150505939715,-3.7555747217043556,1.6
-4.793657119674526,4.9409046976711615,0.0
3.7665724483496117,4.123379293506373,0.0
-2.154369307278815,-2.798984272545609,0.35
-0.7413344182457333,-0.4668063102199316,0.35
-4.944005611357594,2.7925311255983285,0.0
4.9666703814201725,0.2869087010208933,0.0
-1.1174130498754877,-1.072481067787967,2.3
-4.0392286782789935,-2.3383818163598824,0.0
0.02132788634631133,-0.6815199886530268,0.35
0.4503474574311017,3.490656486374066,0.35
-2.74757697300388,-4.723358190936881,0.0
-4.617745547172593,-3.6583119469314163,0.0
0.7048298480440254,3.081848100379247,0.35
3.868059392806316,1.3511320197497128,0.0
-0.9685674754910654,-3.454852918438526,1.6
-0.9858166055652093,-1.6758486609221643,0.35
3.700258808571377,-0.132806225893928,1.6
-2.7380410004547118,-2.111989331842201,0.35
-3.63529835457311,4.185854490691312,0.0
-4.496541537635315,-4.871537514441058,0.0
-3.170110664731313,3.108740179106258,0.0
0.23466786631081238,1.2584328737698636,0.35
-1.4226832458426522,-4.3132201445083,0.0
3.561581624921681,-3.0810572787459254,0.0
-4.669407994548854,0.7270413593319365,0.0
-4.1671077961539895,-4.042381481401658,0.0
3.0037703148252515,-0.08390410682004479,0.35
-2.58491547752857,-1.513735766404812,0.35
2.2924097884317156,-4.336458552433982,0.0
-3.835193840667901,1.162620349905696,0.0
1.0697173446710728,4.7246218453537185,0.0
-1.2545051874455035,-4.349223728224842,0.0
0.3753743484962788,1.3834681176179036,0.35
-3.6039721421375095,0.5286197353519668,1.6
-3.022328783417354,3.447300578810683,0.0
3.351614957838297,-0.7037090400155819,0.35
4.667431905128041,4.7977387444974156,0.0
-3.707489110523805,-1.322861951675324,1.6
1.0032147004664456,-4.151621904185556,0.0
-1.1734449618586296,-2.3882791598340924,0.35
4.5205022096670415,-0.8841417716852948,0.0
2.626708585475125,-1.1329463648782623,0.35
-3.6818792958116453,3.6315153016084736,0.0
-4.995830830968961,-4.4405912602555,0.0
-1.3561559410295674,1.8689825551873653,2.8
-1.5829570470922425,-4.336871823790251,0.0
-1.821599662658512,-2.550191410098377,0.35
-4.94580200181802,0.3480191318040182,0.0
-3.8335408525581394,-2.125037112033339,0.0
1.4118983022241451,2.2511568882297714,0.35
-2.3654437314397745,-1.7080632893476597,0.35
-2.5309076187253474,4.56888600316192,0.0
-3.0948027301259717,-3.1681939636632372,0.0
-0.5496470416846799,-3.1069364079943087,0.35
-3.432915437143919,-4.041204622989145,0.0
1.4017124810824946,1.1208225490189605,2.8
1.5016289187796623,2.7330000800939622,0.35
-1.7364198720742419,4.1842373361192156,0.0
2.3320461106875605,3.0470858858118692,1.6
2.2096216382671123,-1.415443545674382,0.35
-2.1696751193736508,-0.7748293042098586,0.35
-4.0296963946664155,-0.48719498434052877,0.0
-4.568590169047601,-4.960540399728055,0.0
4.314989394746927,1.893368605878929,0.0
0.6184694706596892,-1.5889796057694214,0.35
0.7053801468507412,3.9157577633833167,0.35
1.5238013394386467,1.0248199795350423,2.8
-0.39795497028321947,-1.54302969349142,2.3
1.9854711392171174,4.809809410158142,0.0
-0.7524230647940993,-1.0779479598579922,0.35
-0.7188652763495753,-0.744560319502785,0.35
4.9062477336849515,2.067782575093407,0.0
-1.408155507894083,-1.2849762617327745,0.35
-0.6920307525594431,-4.6328781241955035,0.0
0.2781640202125004,3.113809515227647,0.35
1.605677932075106,-3.015791532384584,0.35
2.280342413783699,2.194586063320303,0.35
-2.374607843510029,1.2287465685693508,0.35
1.1094903312193614,3.3978762385618158,1.6
-3.6392768816655874,-3.051614954884773,0.0
-0.1403049623219479,-4.55854851107693,0.0
-0.8440580239829343,2.882190419997233,0.35
-3.5128560601600176,-0.4005126306347515,0.35
4.8976923338244465,0.0592001342486439,0.0
-0.01676175877909447,0.5879358372416812,1.2
-3.139956296672588,-3.5283611731405573,0.0
1.773546291151085,-1.0423319009422984,0.35
-2.1009337178452423,-4.686083800801024,0.0
3.4605049717848253,-4.676711341551672,0.0
2.4998312408331937,-1.1801144100141903,0.35
0.9868781050465012,-2.523219993098377,0.35
-3.4460033376792687,0.3338800083494746,0.35
1.9561769495414358,-3.0450670505485347,1.6
-0.636410525674358,-0.5534502970860435,0.35
-2.8402085092053717,0.6504944625213103,0.35
-3.5406431321829936,0.09749173318580073,0.35
-3.865684886340005,-0.14457591144862558,1.6
-1.8840094512444319,-0.4775370791846498,0.35
-0.6625064055682586,4.079331228185929,0.0
-0.10064400043537258,3.1849890387687445,0.35
-2.7434760708828474,-1.4791720536574116,0.35
-4.249106193668091,-0.7925220517850642,0.0
1.68699887074931,3.3816703410939617,1.6
0.6591491179915518,1.4007266959307856,0.35
-3.2273292238305187,-4.627939617665606,0.0
2.9168814517731603,-3.329617925587136,0.0
-4.088304644672476,4.375623209065953,0.0
4.635213640591765,1.1625729160249465,0.0
-1.2136272731270656,3.332395409640519,0.35
-2.952800406645876,-0.7060767257031806,0.35
-1.4298270099939825,4.126999907416817,0.0
4.197774153622737,1.5088592632366638,0.0
-3.892598597273081,-0.17807210341697477,1.6
-2.546716337759433,3.849156631844819,0.0
-3.6159720098379813,-4.456897241392927,0.0
2.044290335500783,-0.46713925031847126,2.3
3.383648876030845,-4.253703688306882,0.0
3.010761326078425,-4.626652471558417,0.0
-4.71929988086043,-0.386842482689703,0.0
-2.787087103193482,0.9371870700653062,0.35
-4.741830057885296,-4.646104576370215,0.0
2.2714849617194046,-2.8983483750768837,1.6
1.5641712366073355,2.4992216150075848,0.35
-4.406688342750326,2.6975395446423924,0.0
-2.31578782038714,-1.1045404180025176,0.35
-4.1336080770468335,3.3862998336485273,0.0
0.6072878632576391,0.04665277847172167,0.35
4.685548109027556,-1.654942400593292,0.0
3.907792864766961,2.1968788106460426,0.0
4.28528135852239,4.078020527624597,0.0
4.910298050260696,-3.6832324796284244,0.0
2.9601639209159503,3.0449435494750325,0.0
1.4437352817848677,-2.21139041761798,0.35
4.651482716283152,-2.9557786210979042,0.0
-0.004246216415610071,0.21487112819186294,1.2
-3.3817065516396116,2.2252882233324094,0.0
-4.111328358197603,1.9309777884671098,0.0
3.486154962906369,-1.5060357491760046,1.6
2.094208085992002,-3.4322599185215017,0.0
3.459490014528786,4.520316985532247,0.0
-3.473063065002231,1.9185947397233214,0.35
0.0583109655652585,0.3149933183237863,1.2
2.064897186006882,-0.11259500663562783,0.35
1.0032639201771678,-2.690989805886228,0.35
-1.2149340351136972,3.652403500715021,1.6
-3.900974883516144,0.9757526093363991,0.0
-3.157129377651098,3.465395979233719,0.0
0.7904395385354981,-0.9695121732972893,0.35
-2.5017532634818207,-0.6315530081036558,0.35
4.5761232592174235,0.09209289743620541,0.0
-0.3051046830013977,2.4627381350030912,0.35
-1.209529291680933,-0.7257605011920596,0.35
-1.6305226842838092,-3.490802446706086,1.6
2.1380921420265064,3.730309138836237,0.0
4.0559264924276555,3.8080293803777963,0.0
-0.48216197562007146,-2.1593380779680373,0.35
1.3792374960082343,4.547049119060317,0.0
2.2705064816860503,-0.05151438409843401,0.35
1.8880857451344824,2.72537912454397,0.35
4.192692613280707,2.6321575397215415,0.0
-0.6680944436409444,-2.263934815345159,0.35
-0.0011833527040874259,-1.7182205539452822,0.35
4.4276459268781405,0.07965843449962229,0.0
-0.27943664035991667,-1.5180378184513712,2.3
1.3940699029160033,0.20051278620947777,0.35
-3.7095107710174346,3.692078108304946,0.0
-1.4098716785620158,-0.6742157004184577,0.35
-2.943329433364209,0.5339820761788916,0.35
2.0205506242858293,3.811653206259395,0.0
-4.483923350277373,4.7333190969937835,0.0
2.038177420203567,-2.157013155884826,0.35
-2.9552524498603394,-2.0391208134540206,1.6
3.757257516664424,-2.0860982680404963,0.0
-0.3717886544276432,2.057380542422326,0.35
3.719898637238856,1.5857116234610409,0.0
2.5310919653442268,-3.266732037040444,0.0
3.7740782769113874,-2.2428081638188937,0.0
-3.7162183594348432,4.7624429034066935,0.0
-2.98360074545839,-3.6334802992202353,0.0
1.2602090010178655,-1.811368505039047,0.35
-3.6665079481950666,1.0112111721587604,1.6
2.5898522722223554,2.9319837420715658,1.6
-3.4448739898772764,0.5686706793994221,0.35
3.1367837068146063,-3.3891298857581473,0.0
-2.923177482293251,-4.975886025683224,0.0
0.24634156395288098,-3.053183031380491,0.35
2.2424257572689914,4.622138556176058,0.0
-2.9124451100092976,1.4909701176353263,0.35
-2.881655385414886,-4.81993141020296,0.0
2.5855419421458485,-0.6599532334910716,0.35
4.46786861514653,0.34285882143405555,0.0
-3.4251713102431602,-0.502255582027221,0.35
-2.971082051939835,3.7802927268657456,0.0
1.9090318088752483,-1.5876119534529645,0.35
0.27820322807140396,1.6948018821302844,0.35
2.8285771664542523,-4.198527901294583,0.0
-4.774811580047532,-3.855473028301102,0.0
-1.05003689827437,-0.33293389917908023,0.35
-3.635383697861516,-0.8884686210039474,1.6
-0.583772136381695,-3.909100363225133,1.6
4.166599601957341,0.9914592758770757,0.0
-1.1146446954371791,0.06907183472206668,0.35
-1.8580251353119328,3.5433103164459308,0.0
0.7501504156850372,-0.05104185606456557,0.35
4.1088540309559765,3.379796982340677,0.0
3.1280189142584938,-2.743907957681558,0.0
-3.4687688853164325,1.9009651971274764,1.6
-0.31357743658604065,1.8371271295684357,0.35
2.606272321111164,-2.046864926552491,0.35
-2.153495668771913,-0.09168433741816351,0.35
-2.2645068647350266,1.6729527601619951,0.35
2.4673044588071678,-0.27961053946755676,0.35
2.2379976559864323,0.1043756907077622,0.35
2.128717219670092,-2.7503175220427467,0.35
2.3884304593304195,2.151240234570178,0.35
-2.3339429295082237,0.5597099104017502,0.35
3.5531166787440167,-2.5047735302756102,0.0
2.359797840146763,4.539667171468871,0.0
3.66241919757565,-0.9847991731972385,1.6
1.0720773298813846,4.917701342527039,0.0
0.684374113757185,-3.8497239756963344,1.6
-4.545692452212391,2.9031450974402837,0.0
-0.7637167459815384,-2.5318710937080557,0.35
-1.5232796933905304,2.5737286654645235,0.35
-0.34752664366170904,3.6849949252587653,1.6
2.3492558877769927,4.74014150445425,0.0
3.885037667898434,-2.4545278821399084,0.0
1.590592328025533,-4.794569654718561,0.0
4.911067244295982,-2.3899389119740344,0.0
1.6479509362358407,3.491536211995653,1.6
-3.395353372720286,3.478793428104792,0.0
-4.8775433420917755,-0.5802286191459256,0.0
-0.27962377468861543,-1.2590928674126411,0.35
0.8638474630049977,4.148423487026321,0.0
-1.7301088569971093,0.792598871664242,2.8
3.774625257433229,2.7299539510137816,0.0
-4.59266735194504,4.427907641276622,0.0
-4.5335309574138725,0.8875847437432958,0.0
0.7535362031516479,2.86390230702316,0.35
-3.5155694815102234,-3.2062960793729625,0.0
2.5210693273836053,-3.504952475883749,0.0
-0.3055487293436041,2.316480902109319,0.35
1.5124192878268117,-2.8939581388690483,0.35
-1.9603974131391446,4.689749032410409,0.0
-0.5132937984511612,-4.555425235636195,0.0
-2.8041510053366734,-1.5756491033816236,0.35
4.994894042945859,-1.9730845252308136,0.0
-4.73604151217455,0.1292157755533596,0.0
-4.163946150260229,-2.2593240130427814,0.0
4.923831760939391,2.046385189301544,0.0
-4.493333707171296,-0.5131328140820397,0.0
-3.2836248737115072,-3.7705534359787873,0.0
0.8706541334880207,0.05655889640215683,0.35
2.4286658431550823,3.9230622823185968,0.0
-2.533181425683381,4.229919866553971,0.0
0.17991772554095498,-2.4116508181488285,0.35
3.4578583810260923,-4.644700819709775,0.0
0.5950937747296061,2.2162153502996667,0.35
-2.2002231284385676,3.634919175632179,0.0
-2.5971543664201513,3.398742827317392,0.0
-4.214550361675427,-3.400724081315687,0.0
-1.1901541609809185,3.5405551279817935,1.6
-3.554146348732176,3.7543823979424147,0.0
-2.7026847338720628,-0.4749160140547124,0.35
-1.4726559573966225,-3.8187377338547646,0.0
4.443097395191401,-0.6182170924778649,0.0
1.903312613561945,0.7526767666403114,0.35
0.017159168522073998,1.1657762355684902,0.35
3.98342306202429,1.9931237569410953,0.0
0.32480079455221134,1.451859606659763,0.35
1.0639428050902158,-0.6687879251368685,0.35
1.247640101304503,-0.5643019983583644,0.35
2.576143778719123,4.689124835222856,0.0
4.5986535749722925,3.207357864249804,0.0
1.0175889705948515,2.4933198807074053,0.35
-3.219517047424456,-0.20981542686077415,0.35
-2.4269523500863563,-4.965050188906529,0.0
4.66737574672076,3.6384856185184127,0.0
0.1369861846992677,-2.458477118809932,0.35
1.9297521019923671,-0.6519891545007255,2.3
3.033495334226995,4.995181101809493,0.0
-1.5091739251012992,-2.5559695652195225,0.35
-2.3261751120524177,-4.066537543193281,0.0
-1.0595380349984462,-4.825749472830907,0.0
-3.856044425987244,-2.283042527273297,0.0
-3.401372240905193,2.321590995007252,0.0
-3.943952091320997,3.659941050245246,0.0
-2.788854962890471,-3.9140938302843233,0.0
-4.898933555687415,2.1520500432214638,0.0
-2.43383254061458,0.09498605137774785,0.35
-3.883839533278443,4.852959232362492,0.0
-3.746152609300447,-0.8807407335812183,1.6
3.5164950233446586,-2.551130515195932,0.0
-2.3302821465382664,3.0849951589073292,1.6
-2.266603428079873,-4.97128688905187,0.0
-0.7208627951005022,-4.87464790321525,0.0
4.097922838293668,1.4181322417922093,0.0
0.8301426622124222,-2.984104891376369,0.35
1.9994618542863627,1.7725464367834576,0.35
-4.395364260746351,3.808465308105726,0.0
0.794133629298055,2.924668810386102,0.35
-2.370859278711558,-3.7795220024654586,0.0
2.0244957318678463,2.938826862551621,1.6
-1.1396646638070864,-4.763077246836888,0.0
3.182540246538645,-2.9390609366955935,0.0
-1.6096805810251178,1.282310077771303,2.8
-4.0004528078869726,-4.2800423386153685,0.0
-4.742962284247257,4.166398602394555,0.0
-1.8861725573134436,1.6065881511713185,0.35
4.892352490177421,1.694507935619435,0.0
0.25094795856180063,0.20919933517238576,1.2
-1.2308285154444834,0.9977965595508529,2.8
4.587913895457042,2.880440336983101,0.0
-0.7577338296676253,-1.6755517096746675,0.35
3.835315296231215,-3.642141743734062,0.0
3.4958525696430183,-2.4492323865766763,0.0
2.1562923577591775,3.0622058077483008,1.6
-0.23003482736527392,-3.0771602385772567,0.35
3.4476774346237544,-1.3249165494668524,1.6
-1.7931973951748068,0.10016182353439618,0.35
-0.6491375889608229,1.8305221703872423,0.35
-3.6280219162733465,-0.6431034595212708,1.6
3.9170181122520393,-4.6393729056027455,0.0
-0.4266166684667363,1.605319663852102,0.35
3.8771108704198536,0.9378622693317578,0.35
3.244842712393286,-2.7730898104071358,0.0
-1.4719056377214046,4.421322739280427,0.0
3.8597511309268633,0.579529826887045,1.6
-0.2451166220515475,-0.48932608545541534,0.35
-4.412103384329839,3.9237710395656684,0.0
3.1814950841533545,-0.43748855272132925,0.35
-2.205600272805266,-1.5707939357346943,0.35
-3.7683941412711053,2.2178974130572264,0.0
0.5666985655485766,-2.658965771751051,0.35
1.230055720776897,4.792302142549747,0.0
-3.776048645238208,-0.4151498937467224,1.6
-0.05841179077873271,-3.3320278617619756,0.35
0.3158021099731476,1.0597725854809,0.35
-3.426554611815047,-3.452761009911236,0.0
3.56348715633756,-1.8861256332995513,0.0
1.3033338707863091,1.2677307567521412,2.8
3.3917087558263503,2.3989463123152346,0.0
3.405764334382779,1.2521478965066564,1.6
-0.5054283948600604,-1.064334786869253,0.35
-1.2097023333856418,-0.8160690209084223,0.35
-3.7069074784622966,-0.7604162899683296,1.6
-1.1055509279737885,-4.654283366817685,0.0
-2.2486924467366,2.5190697474021686,0.35
0.7794557140962528,3.061674967560302,0.35
0.426880443807649,3.540837654752675,1.6
2.9606709960171678,-4.017154298577529,0.0
4.770063680159923,-4.852525530986712,0.0
0.9683803792961854,2.925115093167623,0.35
-1.6810586014909656,0.9856979229715792,2.8
-1.3787746915255172,-4.393850249924981,0.0
-4.9153848091066905,-4.051379698888117,0.0
-4.015904058799532,1.1088977739374997,0.0
0.2586523096251323,-0.44536699826857884,0.35
1.919214756024176,-4.831738629875516,0.0
-2.2901651858426906,2.7739273128762783,1.6
4.0997710651711845,-0.6166340376241841,0.0
-4.185160198615336,2.9872873922848795,0.0
3.8517043327273353,-0.8633972930628051,1.6
-2.56644746079723,-4.560283317770547,0.0
0.9108282189485593,4.098694905624992,0.0
1.7788802552032568,-1.8275140210526564,0.35
1.4288832428996692,3.320684074480255,1.6
-0.241699406505421,3.1974848999783863,0.35
-1.0809032333364588,-1.5149432140422938,0.35
0.8298862587855407,-0.35313582305518754,0.35
4.771119204610832,0.16389423528174696,0.0
-1.1482797108397849,-1.0506645687146374,2.3
0.4793995061311662,-1.4508796199180463,2.3
2.229066019649359,-1.193370722983591,0.35
-1.1585561347475695,1.1697324937680467,2.8
-4.3915312730399005,1.5535491811514612,0.0
0.04972217158687098,-0.4697388571335832,0.35
2.1925299070795132,2.58255782004861,0.35
3.4626086341245923,-1.2519687918255276,1.6
-1.7296230774661892,2.1434210149451953,0.35
0.8180485914044588,1.318015463518166,2.8
0.5552290710583527,2.7269302320385442,0.35
-3.0995911150784683,0.5571213274139675,0.35
-3.418982110563702,-0.9274806070900805,0.35
1.6399382341607485,-0.06928391685829638,0.35
-1.2040846332781872,3.8497000141560616,0.0
2.7282571449747834,0.2629078500037494,0.35
4.500531556754879,-0.756347105650061,0.0
2.88072927588106,-3.320637601985821,0.0
-2.14207522889403,-1.619144186660452,0.35
-3.9417924729547673,0.018048150760678894,1.6
-3.077398658735043,1.3418588944965855,0.35
-3.099076404269817,-3.7649374266072466,0.0
4.690867275989245,1.5824030581110629,0.0
4.364509147084885,-0.10112208006768064,0.0
-4.665975369366258,0.743711704314439,0.0
0.5832888683570845,-4.85024394063406,0.0
3.6124204440183156,1.1997068061642473,1.6
2.446911693761461,-0.06078893842485389,0.35
1.1840243790826301,-2.425301067714758,0.35
4.737577677686472,-0.9927999245233483,0.0
-3.376733786623709,-4.440845816253727,0.0
1.3617193308537114,4.833798511764558,0.0
3.957944968462817,2.021045674864136,0.0
4.905979289928608,2.228282620421065,0.0
-1.6074887659860404,1.0121813306017309,2.8
-4.202333575144385,-2.783175097774592,0.0
-0.8245976407150781,-2.981815064369547,0.35
4.535010148281707,4.955975267446494,0.0
-1.290640798783346,2.092289860771986,0.35
-0.922292693367595,-3.604907956137936,1.6
-1.6307315229789143,-2.666283012843368,0.35
-1.7192177959258026,-2.849783116022835,0.35
-3.876548809417536,-2.825715706375871,0.0
4.057570318298428,-4.147783242234713,0.0
-1.752433562447655,0.2844989450263533,0.35
-1.4548734382164321,0.17607095018887264,0.35
-4.565799397656461,1.4856963336437783,0.0
0.634788015560602,1.809662658546916,0.35
0.67257815827237,-0.6209641757433682,0.35
-1.4985845770591757,-2.735648099002238,0.35
0.0006772680661262243,-4.73947547622493,0.0
-1.7175917190067427,1.7787229356452938,2.8
-3.9128296031364074,-4.371087576804714,0.0
1.5217860529136527,-1.0222527885764974,2.3
3.0182503654938113,4.373113039713239,0.0
4.57040453732577,-0.7440714610582075,0.0
-2.356727757249677,1.0861373874247802,0.35
1.2819292592823643,1.2234493607589672,2.8
-1.7822138628111883,-4.36248263582697,0.0
-2.8999516117440107,-3.4558057197776626,0.0
-3.7609965421668976,4.26283321071573,0.0
-4.861523540260321,1.018577392363217,0.0
4.474737957401368,-1.3994687250587212,0.0
0.2709808917246246,1.9578366347515965,0.35
-1.8283030534176117,-0.22348012292750852,0.35
3.17102850332752,2.453556652802636,0.0
3.0844941149284075,4.87340163627656,0.0
-1.29672525063821,2.4709126293577306,0.35
1.0278456710198292,1.6660476722119633,2.8
2.398739048329345,2.4973131694631476,0.35
3.857451492948197,-1.5067832476394463,0.0
1.5348135611191065,-2.1970956840314413,0.35
0.9456870511697515,2.5117514017192786,0.35
2.910010861616403,-0.7987549701087726,0.35
0.08720223201359811,-1.6615014882982715,0.35
-3.309636534603695,-2.3948259480746783,0.0
4.121370048998244,-1.9103045759068404,0.0
4.747593335456102,-2.585219147846183,0.0
2.2307108748104474,0.7390329357183569,0.35
1.9687004952479858,1.4395794660918106,0.35
2.0674858359758916,4.05547048435459,0.0
0.634694960624814,-4.321512170960048,0.0
-2.2917456555310043,2.0821898040876388,0.35
-0.05925372024326592,0.4855198261968683,1.2
0.965804553802915,-1.1737072701543005,2.3
2.7389552508785524,2.2353488389654856,0.35
2.142994121931139,2.153101740349447,0.35
3.9035800165424774,0.9539277944327438,0.0
4.670721994969583,-3.808073156093621,0.0
1.3195897659386437,2.1692654593579555,0.35
-0.22779589045640503,-2.1179161354306353,0.35
0.5003745271109903,-1.3525231970929728,2.3
4.091240710678164,-1.4320758746674511,0.0
-3.242930072978709,0.7638914016545284,0.35
-1.0400740861963067,-4.0410185519915895,0.0
0.648423509979084,0.37846411165701443,0.35
-3.268029133668049,0.976381689598429,0.35
0.6735897385748899,2.736126230415909,0.35
-1.3843007015736566,-2.512404763363607,0.35
4.512198869707756,0.6121752278278816,0.0
-4.728600411158197,3.2071168411174327,0.0
-3.0324193908105923,2.860363176458435,0.0
2.051624271559648,4.688137242631573,0.0
4.655793015945262,-2.2558937534424004,0.0
2.6644958122341844,-1.8314491422007606,0.35
1.2919793882959425,0.9774608495459312,2.8
-4.454564843788353,-4.948182501646424,0.0
-4.422359854051905,-3.720579524682589,0.0
-2.423475086522263,4.0695522324256235,0.0
0.18632675346686334,2.9689173884078865,0.35
3.38311752107208,2.3494309859054123,0.0
-1.0861487557942806,3.6385939384098283,1.6
2.420497533209206,2.4315144340505244,0.35
4.015743271655692,0.9866347245768372,0.0
0.28574429962176673,3.901625575970753,1.6
-0.4553827183580319,3.1157069602884295,0.35
-4.4615363955519225,-4.987100555436779,0.0
0.28292489604356774,-4.263881061836198,0.0
4.765430134530636,-4.944988259602012,0.0
2.1814963649864634,-2.566153042137793,0.35
4.675520052720563,-1.1845834937210387,0.0
-4.727165737361348,-4.730642345912173,0.0
0.5337337172468857,4.867119790312811,0.0
4.797735350457193,-1.6272702771073422,0.0
-0.1729635081110299,-3.9954419420218388,0.35
0.22176855991731692,0.9970159904827316,0.35
-2.4893833438867894,1.1211443591517378,0.35
3.996927516962538,-4.9904466657651945,0.0
-2.710662256920555,-2.9008043667606187,0.35
-3.7611379696617298,-3.338987872628981,0.0
1.2591254536538763,-3.973056098493574,0.0
2.3853160902072172,3.8702259055838333,0.0
4.26587724178369,1.6017581431970083,0.0
-3.02603589366384,-4.147034244600921,0.0
-2.679750461930004,4.619571857850426,0.0
4.623452017507121,-1.1808111608165794,0.0
-1.7420845890244943,0.10010582259065348,0.35
-2.083119085325993,4.796624516555633,0.0
-2.787786099754226,-1.3085731781723142,0.35
-0.7062912429982173,-3.7493597691883784,1.6
-1.1717517322987012,3.5673072010197338,1.6
-3.5963899854324155,0.8402195082618729,1.6
-0.9336286193998324,-3.2946327388254524,0.35
-4.876638355507942,-2.266566965100998,0.0
-4.381710393019981,-1.2323152870326481,0.0
3.1020985569934574,2.1968526087761244,1.6
4.47383711701767,-0.7298458266293082,0.0
2.0780139859185276,1.6534172210202023,0.35
-2.829536968417404,-1.9641749476734152,0.35
0.29829533397760244,2.9665731900592185,0.35
-0.3818726553706746,-2.722584638244727,0.35
4.934656902803699,-3.8442119364633154,0.0
4.558889074913278,3.0904628843048876,0.0
3.3889351930785185,2.949175830914994,0.0
-2.91829058695378,1.3258237739524183,0.35
2.567498124509317,2.456857921016514,0.35
-2.2843462945592243,-3.188806122363186,1.6
-1.718770160854508,-0.20155519622608153,0.35
0.7378074706367652,3.369503623191605,0.35
2.6903422770461605,1.7615052566651617,0.35
-2.365107070572394,-0.21119501065056667,0.35
-1.6456412587203895,-2.650718204494659,0.35
-4.897546396165206,-1.6053802942930941,0.0
-2.438837322853785,0.7190232696681669,0.35
-4.376982297162878,-2.2948040328979893,0.0
-4.552305100115847,1.414179045134361,0.0
0.6818955856862488,-1.6251997692552678,0.35
-3.526653995644562,4.579198327687351,0.0
0.8439244738861342,1.791133665720679,0.35
0.3134875326945181,3.06533247646205,0.35
3.9638004954812125,-1.1728945640237018,0.0
1.9002531223061059,-2.7011251545360304,0.35
1.5185504716203848,-1.0084437002344737,2.3
-4.932184005986951,4.555278684226208,0.0
3.684415455387189,-2.091634496539716,0.0
4.977573142328605,-1.8287232544346588,0.0
-0.4115581354092521,3.5125902617441707,0.35
-1.9540364867195912,-0.49459715612499977,2.3
1.6558716712325552,-3.6953244522757176,0.0
-0.7764963130828226,-1.905900626383735,0.35
1.76774305864818,-3.640306099396282,0.0
-2.672685208990626,2.113762037524828,0.35
-3.437756302758852,-0.7798073776011023,0.35
2.1288072209261877,2.6546838443000533,0.35
-4.051188213283315,3.5199560941947823,0.0
2.239723011299663,-1.6070541130668623,0.35
2.638028523302401,2.2829886534065906,0.35
1.0089122650838558,0.5848117340584436,0.35
2.3470348889958546,4.992599017054545,0.0
0.7855224931588536,3.0871787176224803,0.35
2.4427371731558285,3.5580840203382564,0.0
4.545248613841384,-3.069167925391848,0.0
-3.345403636048837,0.8635182841490083,0.35
-0.507049371134956,0.7072269291916919,0.35
2.9804273448550855,4.317144800492464,0.0
-0.8258417480144189,2.179326455436245,0.35
-3.032008121585906,0.34551949354523526,0.35
-4.781952222194801,0.037505671330969825,0.0
0.4533645912549993,2.3544533577833127,0.35
1.4948479020699166,-1.4160326569419848,0.35
-4.942690992868787,-3.8451412637705107,0.0
4.730606535174523,4.223331583153058,0.0
-1.7490683691885467,-2.411470600761123,0.35
-0.6358370630996255,1.899400296120728,0.35
-1.4317232734202632,-4.327061522688444,0.0
-0.9720490755560363,-2.394110055185681,0.35
-1.7506998878878823,-3.370427542126956,1.6
1.5884006944564746,0.2663093324522494,0.35
-2.2913688270464574,0.5386248130624143,0.35
-0.07292152832761989,2.9597485656602798,0.35
4.559842693402016,-3.6932949102134405,0.0
3.8391347890798286,2.047969382849021,0.0
1.925535452979048,-1.2569910285752774,0.35
-1.5609180453507898,-4.943605151774831,0.0
4.822048746373078,1.0650583237304883,0.0
-0.9767137607607452,0.4376882189217852,0.35
-4.594729659037375,-3.2634904470833117,0.0
1.2335992496340253,0.1426172968362005,0.35
2.870748229276331,1.5874269044533706,0.35
1.0143567597938716,3.152657043053134,0.35
-4.317368944480994,1.9088679643128525,0.0
2.155907132890155,-2.2483645031998902,0.35
-3.043503635126056,-2.8614752454400083,0.0
-3.0185913656800576,0.23782190903594547,0.35
-3.643736886341715,1.5928586141935046,0.35
-3.9492174105123046,-4.731103596897438,0.0
-1.807097575541289,-3.0814027626695895,1.6
4.886620554100823,-1.9700369938278262,0.0
-2.7793591397448623,-3.0323017650078543,0.0
-1.261470951965097,1.058488953315778,2.8
2.8194527504628244,-1.3542375225693162,0.35
1.2597098004278937,-0.17940101720612578,0.35
3.464953462533984,0.690417771584352,0.35
-2.1010832812089983,2.0358725717825585,0.35
3.2006448802299587,-0.34559343236034934,0.35
4.871972388823188,3.7909687919131336,0.0
-3.0304533033450856,2.8675587215623732,0.0
1.0095124434976608,0.34811297807834674,0.35
0.1393858657956839,3.534111427824291,0.35
1.1087278890344852,0.3770598505373366,0.35
-4.511400932419509,-0.5169713024144258,0.0
4.080415620455076,2.11736729344619,0.0
-4.490460219438466,3.8399228215104237,0.0
3.2666722137705406,0.4668421156952798,0.35
-4.775945348177185,0.6242961803380069,0.0
-4.454109500735739,-1.7962104036251958,0.0
1.289096189027389,4.1291308388217445,0.0
-1.4220436274052126,3.6002378288345334,1.6
4.183610104005163,-4.789561195426857,0.0
-2.605721622474685,2.098622992274988,0.35
2.568430430795484,-1.0758314978294594,0.35
1.5675461277285496,1.1215861736203516,2.8
2.397749616010599,2.1865842774512174,0.35
-4.141292020096387,-3.4174981905993906,0.0
-3.67272852740684,4.32480069842819,0.0
4.135426483529892,2.9741226959697,0.0
-3.832814393240407,0.7427146991958589,1.6
-3.1276937391014856,-1.316160624411975,0.35
-2.3290872336258706,3.2893098148746596,0.0
-3.5554860048072676,1.4617916861007574,1.6
4.838946637761669,1.8705458325363349,0.0
-4.207665109930403,4.078495019625249,0.0
1.4307967768959617,-0.4368902039479652,0.35
1.5969247854111854,3.79044330472637,0.0
-0.22872772084750714,0.31321482812229284,1.2
-0.4755260078204646,-4.274085736763348,0.0
2.8707012692735843,-3.735882563581611,0.0
-1.054299897116897,-1.1317715439227083,2.3
-2.1995920791326204,-0.9749287410558161,0.35
1.1800911038242852,-1.8861268779228824,0.35
-3.2748806230172356,3.693675105072666,0.0
4.708326498571354,-0.4141617612367945,0.0
-1.7298028765541416,-4.525179222217707,0.0
-4.631484593899469,-1.0711800435459793,0.0
4.302420183009657,2.3070854340156446,0.0
-1.50730581129225,4.680464251820609,0.0
-0.7124209674426929,-2.2320725602535427,0.35
-0.7364675527564284,-2.884567730161672,0.35
3.8563877020079573,-1.3882668958230973,0.0
1.5796896449432136,-1.1095280117283646,0.35
4.017314179639625,1.4238075171563018,0.0
-0.11748109718700572,-3.678570308186615,1.6
4.0191666285220435,0.4681686827177085,0.0
-2.149470270385825,3.779268918167041,0.0
-4.455595726055922,-1.8592308267042834,0.0
0.3682840120214763,-1.6018566395670697,0.35
-0.23265744621142126,-2.356837476690161,0.35
-3.6991690906710284,-4.631458613831483,0.0
-3.423534350878581,4.529465140248117,0.0
0.7540313333673847,-0.1103987472204846,0.35
-1.156761606942914,2.084201459833853,0.35
-3.5874052409390664,-2.2387013234733653,0.0
1.559021196637528,-0.20935635414772058,0.35
2.7009253895908873,3.971098439566532,0.0
3.233725913706561,-3.1579228573926796,0.0
-4.085297644730215,-3.3055939945495147,0.0
2.835306916002306,4.1383108949271055,0.0
4.254488677038575,-2.0178421062955443,0.0
3.4034137801355833,0.362355350220966,0.35
3.227918483482073,0.4836484238000107,0.35
-3.5410678022088184,-4.207804489269026,0.0
4.5721914920933955,-0.7419744356842104,0.0
-1.494793551026822,-1.436969152316896,0.35
-1.2106558852452798,4.4499682789433805,0.0
-4.372954125968241,-3.8093871261770085,0.0
2.896515154818492,0.494094913401387,0.35
-3.71463242039048,-4.655398632216636,0.0
-2.7576565172077263,-2.391892622897289,1.6
-4.85786970425358,-2.839094616628066,0.0
2.383189369523997,3.554336896370037,0.0
3.9823582976971785,-1.1008596735645657,0.0
-1.8058627409644235,4.998608482078875,0.0
2.6934045092158874,0.3735208090755435,0.35
-2.452285673106034,-1.786945471148953,0.35
0.15364348829387175,0.4208291979075067,1.2
-4.863213557263222,4.5940008527147445,0.0
0.7560624735156356,0.8915824440913331,0.35
-2.885288662461808,2.6498717880124794,1.6
2.372645200918427,-4.048420265952359,0.0
0.9499437225992029,1.5819374532987984,2.8
3.3556817457387726,-2.9390882108228933,0.0
3.7763479680640586,-0.38518928292404375,1.6
-4.034763806943552,-3.9437877848912404,0.0
-3.0219554632683043,-2.172492940146915,1.6
-0.035941955402003956,2.4875119774455987,0.35
-3.132740979805677,4.926517944995366,0.0
-3.3847806822968742,0.9937796772214744,0.35
4.2894043587134,3.325074228768271,0.0
1.4788920166315993,2.154929967908985,0.35
-3.6579437329463573,-4.903369462397517,0.0
-0.6585121563962728,-4.10481073661697,0.0
-1.4224743808717566,-2.762572064302624,0.35
4.163467223807427,3.8005599900805755,0.0
3.189428485310085,2.139442984139875,1.6
-3.4592807089597297,-4.516325738008485,0.0
1.5388785785469246,1.4225813717509928,2.8
-1.3057571524551905,-0.27313333564402953,0.35
-0.10850611762010587,-2.6007186725349363,0.35
-1.8583338809241412,-0.8161044533649839,2.3
1.0317902991158974,4.5581920601739245,0.0
0.38484609519040003,2.3116390954320156,0.35
3.070011023955532,-3.864918786914464,0.0
1.5312466755394096,-0.17889279745575504,0.35
0.724309422478921,-4.615830642309554,0.0
4.062157365473851,4.527841495754501,0.0
-4.9651807631538825,-2.872084079584891,0.0
-3.1980582629105,2.813045172798514,0.0
0.9808005911182027,-3.2266633670326827,0.35
3.139709553188604,-1.4652512819425159,0.35
-0.39143123706897676,-1.126933946793546,0.35
0.21380206441229532,-0.19857531171274623,1.2
-2.2541599733755735,-0.7544396250615968,0.35
4.083371498543002,0.02894136479245102,0.0
4.163864104223755,0.501270478179646,0.0
2.6881729326415886,-2.064086903402871,0.35
2.9041349004440784,-2.356783870150144,1.6
-4.80450028357027,-3.3927105682230696,0.0
-4.783471249679632,4.470626418914286,0.0
4.999770204176942,2.622302636195206,0.0
-3.9187183624841238,3.989454603326495,0.0
2.437761832661044,-1.6775548459791212,0.35
0.022779118089321315,1.617593412619689,0.35
-4.7594952432672875,0.015409120998951309,0.0
2.3239543325498513,-3.1177462810366716,1.6
-0.5620942652066692,0.32530129184933276,0.35
2.355653719592322,4.644537107931075,0.0
3.482755480042915,1.2151842022995023,1.6
0.836406748348093,1.0318669307267072,2.8
0.4517864265977378,-4.406371197410764,0.0
1.9829639458820498,2.16336800129603,0.35
0.12480362267027445,3.7038760540254305,1.6
1.7243680275667845,-1.3733534214298304,0.35
-4.8030564640136575,-4.4083835350232,0.0
-1.482017383582137,-0.3789467480131714,0.35
-3.33128880491575,-3.106716935773679,0.0
-2.6978864122066373,2.805133395762727,1.6
2.712878409517714,-1.170610145862212,0.35
-3.276356184156042,-3.8909161493653075,0.0
-4.128706879528268,-1.087207491006279,0.0
-4.5445756667888055,-1.6636496287366498,0.0
4.615332425411374,0.07504615610038634,0.0
3.2264465683518893,-3.707340541046009,0.0
-2.3192121759029516,4.465464445440087,0.0
-1.164481030659764,1.4840612844832233,2.8
4.761267791625894,0.5078775633073551,0.0
-1.9465405077126405,0.3194845595206228,0.35
-4.453628006691407,-3.876301259073088,0.0
-4.928288949477301,3.8421004156500427,0.0
1.7128042889959563,-2.016702348672519,0.35
-2.788385807926954,1.8307660115777988,0.35
4.195320647852824,-2.0086090894788935,0.0
-1.7844089061321822,3.5424072519377283,0.35
3.933758158837522,4.140365668297786,0.0
-2.068457919933052,-3.7968743240365113,0.0
-0.6000242800145799,-2.0423513485881895,0.35
3.838666668118357,-4.6336505819645515,0.0
1.3388046963627236,4.061813657481139,0.0
4.766703668060661,1.5013059929804315,0.0
4.4992295702238,-4.243405373749328,0.0
-1.4072165400376022,-4.912853026732663,0.0
4.811837721908184,4.027264787666992,0.0
-4.719474437517986,-4.81867349540234,0.0
-1.3303050589363385,-2.414620332090982,0.35
3.4693227724250217,-3.3951559672813767,0.0
2.9064946270085734,0.5445969999066325,0.35
-1.2260822859501221,-3.5428023826662125,1.6
4.976913059596711,1.1798612092153675,0.0
-0.6061776743200573,-1.2887244344726834,2.3
4.057282306308553,3.2119180819076103,0.0
3.1118578836822373,1.1619847296239278,0.35
3.879565826958018,-2.0072162787792958,0.0
2.037061351632893,-0.9555225760810746,0.35
0.9999880855969216,4.981530006126928,0.0
4.845247806753184,0.1261901646744823,0.0
0.7386345216482457,3.9732176913730104,0.0
4.856357125138549,2.786078026260798,0.0
-4.348155420413693,-1.7736026565613603,0.0
3.9656233992030785,2.683525058504806,0.0
2.422330710244271,1.6792323046814106,0.35
-0.847361503676165,-0.9675867965529825,0.35
3.0893248759080105,-2.0621970823492908,1.6
1.848318727009735,2.2620852342395654,0.35
3.445559893615288,-1.8011440929298428,1.6
2.4188926683820213,-3.9351010242131315,0.0
-3.619382710480953,-0.8266395982659844,1.6
-4.447742236447527,4.476983214653384,0.0
4.0189581050936045,-4.510663044741569,0.0
3.383117218922788,0.08874174090025377,0.35
2.019628883735499,3.8693116929818725,0.0
0.7697448707769858,-3.8367289971537053,1.6
-4.974213895134137,-0.030784677485534928,0.0
4.492321321243601,0.7262187161319584,0.0
-1.270608619117708,-4.690779829190866,0.0
4.149794172782004,-1.7284333914195784,0.0
2.0477740131509616,1.9423720211146485,0.35
-2.4611683863125213,-4.362224935392747,0.0
-1.1499962132815646,-1.8286898616280012,0.35
2.0025639887232582,3.1978249565983905,1.6
-2.7755458260832535,0.28231069776442297,0.35
-4.593916526118384,-2.857441770665381,0.0
2.6176160532208304,2.9339832048907244,1.6
2.764044634518033,-3.5761207501172985,0.0
0.5103472746841735,-0.772915855566171,0.35
4.914862967950905,1.540698690583361,0.0
4.35202091395729,-3.546496949915624,0.0
-0.4912672689977091,2.7160760010586857,0.35
-1.321422719695974,1.3250849615364668,2.8
0.11702172373660691,4.919294092179923,0.0
-3.2612745993450853,4.353486953301278,0.0
-0.9842904619670323,-0.3200703362270554,0.35
0.2860188368997898,-2.3463345056642018,0.35
4.636574426107931,4.114872052347895,0.0
4.729051002113627,4.969195722095229,0.0
1.6980009518097203,-0.4831450419425529,0.35
3.5073390149630477,-4.761951221636615,0.0
3.3440404471350345,-0.027139757889933946,0.35
1.732200270834178,-1.2595393865749238,0.35
-1.3137684613318412,-4.682828471891122,0.0
-0.7621056957098666,-0.9164580458066993,0.35
-2.7520889813192873,-2.5267672646023254,1.6
0.8413958044251171,-1.8222855746049693,0.35
3.302519090172897,-3.886148931429335,0.0
0.7764494657504359,-3.3995527286089766,0.35
0.2824062692065876,0.5254588695031872,0.35
1.4229768652572918,-0.7257505272710629,0.35
0.09474685129254468,-3.190473839187067,0.35
-0.3698465026367037,-1.2696961090570946,2.3
1.661311046544097,-0.6517827650351391,0.35
2.793416509802203,-0.7400790142630784,0.35
-2.6422882702604134,-2.263112810414154,0.35
-4.547147749083634,0.3991881060091007,0.0
3.308808839003218,2.6911170681757017,0.0
-0.6221053366152862,-3.038796448554878,0.35
3.6348444329745284,-4.432189659549316,0.0
-1.0077727479750598,3.5661514238395107,1.6
-1.0682331259580358,-3.821245292430401,0.35
-2.340504996542039,1.0002944174294832,0.35
-3.4796409230542915,1.549353268423558,1.6
-0.6183806880075426,-1.6561049917947814,0.35
-2.5907451947683615,3.2332998585670953,0.0
-1.0332605253659843,2.3847926560622765,0.35
-0.5964480736261555,-4.081328131132206,0.0
-0.5949402483273953,0.07687779735763911,0.35
-0.42157806506623174,3.1624171174827254,0.35
4.108513490430294,2.867786752110339,0.0
0.8278190221095976,0.4144996055489072,0.35
1.4461603012365902,-2.121697035606255,0.35
3.1184684614868505,3.5684817760366094,0.0
-2.3278283681816947,4.028182081400777,0.0
3.4873272399166737,-0.7551323251748974,1.6
4.0900020209274555,-3.7956100618849185,0.0
-4.720134407910996,-1.5213317440594567,0.0
0.6543569882734506,-1.4855738546713382,2.3
4.420677336713595,-2.4528977094485493,0.0
-2.1878660640732104,1.3482761254485514,0.35
-4.961361176582918,2.2755705235459924,0.0
-1.2253051690684282,4.77747867643296,0.0
1.9141759302974855,-4.477850449176569,0.0
-4.073721912580264,-4.118318930758415,0.0
4.526222598919437,1.8405154121758773,0.0
-0.723939927110643,-2.99517310119969,0.35
3.7363974643580313,-2.9844407232865953,0.0
2.0667921647581746,2.63324361545346,0.35
-2.0534391114459174,0.04914737170642258,0.35
-2.7701071768160612,-1.2107034254450189,0.35
4.651343982800087,1.9313803465443025,0.0
3.466142061905151,0.4059957146674096,0.35
-2.6096025784864385,2.128798566671936,0.35
0.005679607905664241,-3.231511318929413,0.35
-0.8757011038178977,1.3484021901630596,2.8
2.3533185668223826,-2.5677920410964825,0.35
3.7599733934933113,-1.2044889292532202,1.6
-2.288632821072516,-3.048799445462752,1.6
3.041713344029736,-1.4583542503393754,0.35
-0.1660097211206537,-2.7718017643612436,0.35
1.860910711689315,2.8103340755242234,0.35
-1.6057475104665841,4.4507938537140195,0.0
-4.693893904397639,-3.6705689672595962,0.0
0.8878703156049088,2.0140686204837968,0.35
-2.49317010490941,0.5407109689134852,0.35
-1.816137529571873,0.5408924562159019,0.35
1.593276777642525,4.728080535690575,0.0
-0.44303139978816297,1.4821604027138058,0.35
0.7803924791993193,-1.8244510611242704,0.35
-2.4693586830227963,4.8787072174472375,0.0
-2.9314763829848465,2.902752670742368,0.0
-3.53412608979239,3.0435126936125076,0.0
-3.1427155701045195,4.671566440161669,0.0
1.8598765657451732,-4.098817563241711,0.0
1.9317711945901088,1.0362076278155188,0.35
-1.624537533060415,-2.392640022432854,0.35
2.1876078174815214,2.4136137294986586,0.35
-1.7279415104746345,3.762271108395037,0.0
-2.3117278111150874,-4.30135574025189,0.0
0.9986784482757862,-3.9292942716838386,0.0
-2.2333593573351473,0.07186393048437978,0.35
-2.1364037764270236,-2.850036575799556,0.35
2.031854149056544,0.46999341402295514,0.35
3.3976124825028045,0.8123959465547763,0.35
-0.16552788226221615,-2.387436483892118,0.35
2.920658750912973,-3.0312899143563277,0.0
-2.577715890268397,3.4158859675307003,0.0
2.4119252572921113,1.1287348897952052,0.35
-4.610794692134266,-3.727423817152735,0.0
-0.00042539812390351983,2.4633892348289095,0.35
-0.3589913580817674,-4.827069755852169,0.0
-3.157300013331783,0.8876669962021815,0.35
1.9421705968799134,-4.665716872880957,0.0
-4.5666824653949964,-2.38689884543637,0.0
-4.164983046134351,0.4194623219336471,0.0
-3.7629801804331953,1.4821933490142243,0.0
2.77225319307587,4.705166637521067,0.0
4.484069616377143,-2.2663484976472184,0.0
-4.7059039737682715,-1.7058778388823201,0.0
2.0848011871265326,-4.4019879072746075,0.0
-1.4028734232857132,-2.0196545245309308,0.35
-2.806543641810233,2.0613075473031532,0.35
1.5909700502437403,0.3549409403434334,0.35
4.107746396815976,-3.968611472697275,0.0
-3.503107755218692,-1.1655032078058691,1.6
1.5588205186290063,0.8407929224541206,2.8
-4.2595731253206806,4.584248037464674,0.0
-1.9493518353860848,-1.4102738621690616,0.35
1.2362979904342355,4.451655174597347,0.0
1.6268823910327201,4.547733295477041,0.0
-3.12408881179521,1.1880992897293492,0.35
3.2887889187628474,0.09024468254847129,0.35
-1.3782632417065956,4.847585300318771,0.0
-3.590126596033395,-0.8907047247134336,1.6
3.7337375256066014,4.0048074650592085,0.0
4.803821015597741,3.8484759226438143,0.0
-4.490429746125875,4.297664996274882,0.0
-0.7183280859321473,1.5161918745658198,0.35
-1.057241308328809,3.1366807661354876,0.35
0.7591927632276612,3.4554464255400426,0.35
-3.0622852847923276,-3.1501690524509773,0.0
-0.59623198415213,-4.952484550375194,0.0
1.9285295489625813,-2.0394627219198904,0.35
0.572993462144499,-4.299964395391531,0.0
-3.2935564061730602,1.2285917002193276,0.35
-1.9433737288895694,-2.852780574143663,0.35
-2.7115349919223206,-2.8518063527450455,1.6
1.2285094943054817,-3.323087855305429,0.35
-1.3729364082010962,1.8788686559345225,2.8
0.13671057347650617,0.9728087077548384,0.35
-2.490930205362515,4.327148731652056,0.0
-0.861207516836644,-2.1303606338766548,0.35
4.043261840584723,1.5528961526438696,0.0
1.139458631384505,3.8673465216616805,0.0
-4.414597137286156,3.376795120075803,0.0
1.7786436430510086,-1.4000720521987065,0.35
-2.436486574761444,-3.951941001184424,0.0
4.4107417024669004,-3.5808789667046383,0.0
-2.405614642691157,1.9110717956946992,0.35
2.101524378859926,-3.39231295397406,0.35
3.1413116076562773,0.10287269176362468,0.35
3.4845667811510896,-4.127146101524555,0.0
-4.571700009063103,1.3699038149434974,0.0
-3.4997620289018316,0.24949045733299968,0.35
-4.858912407154913,2.7992926054820018,0.0
3.9953017017850154,3.38882761964288,0.0
4.583528131504183,4.030957546587896,0.0
-0.5598198170963471,-1.0165179155635338,0.35
3.9618366797154305,4.26938795357227,0.0
4.72835948318037,2.683172348427827,0.0
-2.9801117005861966,4.449541361107224,0.0
4.471414668162195,1.6613136391297143,0.0
3.5728026634948478,0.6117642116395228,1.6
4.4412694541172275,-4.060636034079089,0.0
3.639636964847707,-4.444963709628606,0.0
-1.6089294778197951,-3.646743573847381,0.35
-0.20864907537087785,-2.6775384200753005,0.35
4.520723793339972,0.5932133365340952,0.0
3.977307363037248,-2.2194153094884905,0.0
-4.740224400534392,2.756550036839217,0.0
2.023776599719719,0.4549164567419357,0.35
3.153427297292126,3.400843726481325,0.0
0.8790330801817383,4.65927791853937,0.0
2.197119476173272,1.7687537616262876,0.35
-1.3857820744135463,-4.977414213999923,0.0
-2.59057326105822,2.639205068146299,1.6
2.0987125443717414,-1.6897785516990584,0.35
1.2558297453843883,-3.047125205268628,0.35
-2.3637228073095597,4.474080939024965,0.0
-0.8681942706440546,-2.5501240570114545,0.35
-0.12891753161008523,-1.1298412021263382,0.35
2.2952903734910564,4.6211610649088115,0.0
0.9173742445769184,0.9114718693691506,2.8
-1.3516614127651696,0.6463093197529535,2.8
-1.8067113361286182,-4.989079256876581,0.0
3.6609617287848515,-0.7055591447829475,1.6
-0.07911514946003262,-4.164990845740718,0.0
3.37110513405392,-3.296629296224096,0.0
-0.8937884121568409,3.4026554706388126,0.35
-0.42217059786480515,4.3115233546646365,0.0
-2.906856965793103,2.1523282995477135,1.6
4.779985235617275,0.49613637220310913,0.0
1.921838986439929,-1.0677334039899158,0.35
2.5133733972546892,4.088740565237291,0.0
2.030555670505292,4.359287113809792,0.0
0.8865265199230965,0.7713744045096291,0.35
-1.9537261189084463,2.0962749116378587,0.35
3.8195252175615533,1.4631622612893125,0.0
-2.6696077940141705,0.4410911472168655,0.35
2.5593741695141503,4.3936331487275275,0.0
-3.4340395047944607,-3.7250290903343943,0.0
-0.8705646976709405,-3.7438883053738916,1.6
4.804289125051184,-0.7569563271744082,0.0
0.3361051906790493,-2.729122187072287,0.35
-0.5087387646307073,4.846939348612198,0.0
-0.11312848633030548,-4.911760741955138,0.0
-2.5747246974936946,4.784548304785041,0.0
4.890675134107326,-2.8950691022829433,0.0
1.1526408784385342,-4.230916694945855,0.0
0.7744164244462919,-3.740792985135626,1.6
3.1866152364265794,4.395749876022444,0.0
-3.2701319195051735,-0.37287831405175975,0.35
-3.9795700152536586,-1.60859992927025,0.0
-4.349022452394735,-2.3545347198257294,0.0
4.902236670893016,-4.5539673267859815,0.0
3.5896832961867062,-4.225474222458951,0.0
0.2899693111736017,-0.4788020757265432,0.35
4.315546600206449,-3.009501377149104,0.0
-3.203179846203649,2.487140885678323,0.0
2.2571947310035387,1.9918177049279873,0.35
-4.7387288382761925,-2.400403132750913,0.0
3.398951778542994,1.0085812145677266,0.35
1.021949207321816,-2.040833945951883,0.35
-2.398269114430521,4.465548880182547,0.0
2.2775527885321223,-3.7313388219816246,0.0
4.377069421437639,0.8237015181805489,0.0
-1.6663763304291193,-1.028605536004016,0.35
2.254045103526182,-1.2372734831391643,0.35
0.7874479911860703,2.104994966484048,0.35
-3.0462500269403545,4.442414862425494,0.0
-1.438272285645902,-0.8062524292308568,0.35
1.985143678678206,1.0878508938776408,0.35
-0.5988016306082073,1.4974204030079141,0.35
4.028283075720445,3.002836166454186,0.0
3.242590099547737,-2.4159159143268703,0.0
-0.8059665070236246,0.5381914165405917,0.35
-4.5580918083851705,2.6979218037732453,0.0
-1.765365755849111,-2.174039219589857,0.35
-2.407079906438536,-2.166207345799356,0.35
-1.6198516784216777,1.0482455807615922,2.8
0.8356532190006316,-2.4428824639812463,0.35
-2.935757234267925,3.263581900713568,0.0
-4.072766623236335,0.1282284120092747,0.0
0.20560874189276124,0.7413680681162163,1.2
3.8565011590713567,1.2391394009476766,0.0
4.736337662480233,3.713530833487276,0.0
-2.8525974051278844,-2.5881668977469885,1.6
-1.5522586408482941,-1.084855849198687,0.35
0.5299512030769549,-2.674873671036612,0.35
-2.7765481888623436,-1.1861004263192045,0.35
1.7202311321275197,1.8812561309618836,0.35
4.761167400402895,-2.9758456607818595,0.0
-1.0714084814301925,4.646774979390605,0.0
1.9000874266555208,0.9227852482201913,0.35
0.3964605140134694,-4.244896198637434,0.0
3.933738088159103,1.255052154151076,0.0
0.7166740792803408,0.39500343321842557,0.35
-1.080857926788883,-2.4533530863910724,0.35
2.5532198533448422,0.09567517761662092,0.35
-4.660604677107797,-1.0090550022783673,0.0
4.286036382228325,-1.2610543845913713,0.0
-0.8676699207442624,1.2396112305503557,2.8
3.0167480381588234,1.6846111770471222,0.35
3.5005473112294645,-3.860294129593017,0.0
4.2459255331864885,4.03921932411386,0.0
0.1914858658558778,1.2474223778720104,0.35
-2.8718694979859825,-0.5205256201861106,0.35
-2.9729663908018766,-4.780233210589805,0.0
4.809030681270524,-2.408534842897949,0.0
0.9310830889783528,-1.9974961646213698,0.35
-1.2937837978956512,-1.0223844141772522,2.3
-1.6495326867524227,1.3739975933993573,2.8
4.6093627048860615,-0.7136534999376698,0.0
4.733267240542652,1.6779723734478313,0.0
1.0713619502100897,-2.62896148201077,0.35
-4.370792941006192,3.5193477029182887,0.0
0.7398106394426893,-0.8558613757511813,0.35
3.1196732208848346,-1.894196174226812,1.6
2.836172559644873,-1.7203616459420301,0.35
4.208811864041635,-2.3203312554319746,0.0
-3.6244588242542886,1.980967083494118,0.0
-3.3715274693522925,4.4936305028898555,0.0
1.5555511238886597,-2.69139338715474,0.35
-2.9118106571457125,4.238750391204215,0.0
1.0785791284989088,3.9373600667241675,0.0
-3.897747951541748,4.253921955791762,0.0
0.2004931199408837,1.6842191633135055,0.35
-1.2712452845871933,-4.408596779941738,0.0
4.57972441341829,4.94598329108482,0.0
-1.3545315123955701,4.438679297519796,0.0
-3.322737090384358,-3.4531555034142447,0.0
-4.268881599908285,-1.0873059241584926,0.0
-4.4769774981840085,-1.0534281038710325,0.0
-3.616095713503318,2.305277955729573,0.0
3.333626493364081,1.8781542779628797,1.6
-2.9950584756384413,2.668481929079557,0.0
-2.5049980296672505,2.594885969685274,1.6
0.6739757489639082,-1.3328748370879029,2.3
-4.165076219839423,3.275095098070258,0.0
4.396529207982255,1.6591778000063755,0.0
4.6454156669343885,4.341114190429911,0.0
-3.0539159919624637,2.312123485982135,1.6
-1.5069518056230544,-0.12482639434374043,0.35
-3.4303456885115424,4.7477942805765245,0.0
2.261373830764085,-2.330916903690319,0.35
-1.285283098319665,-0.7751707317121559,0.35
2.4753372414384023,4.256972667695845,0.0
-1.7855986701542834,-0.2749991171958044,0.35
0.9320757283470114,-1.0665600759968443,0.35
0.04181323365685241,-3.94292370979898,1.6
-3.3232561227983393,-0.9889874277985511,0.35
4.149390117705526,-1.5064195425536644,0.0
-2.5020719139498637,2.428622208492759,0.35
4.4913016607660925,-0.40876382936452593,0.0
-4.913950444328169,1.8814933147561792,0.0
-0.8493919838385509,1.7364553661621516,0.35
-2.2228348417079644,-4.975918561830376,0.0
-1.5550378125439623,2.0479234261294152,0.35
-1.0688671699081076,-2.80825860346774,0.35
-0.35993135865898473,2.5234852329838544,0.35
-3.8056691320769396,1.9175203364664783,0.0
1.6734402380394728,-1.2926212031492867,0.35
4.703361913794945,3.9470529948035153,0.0
-1.8383851919793015,-4.68908906606157,0.0
-1.9169519325492335,-2.9527805745895677,0.35
0.4725191404759279,4.187444211821546,0.0
3.703375100375215,-1.9417084433517329,0.0
-0.7140246644436301,-4.634578009204335,0.0
0.4416350764914947,-4.366320199492711,0.0
4.386061662290997,3.6693383485227233,0.0
-2.85812373562497,1.9936867986204545,0.35
0.680203824333331,3.013577125161831,0.35
-0.24347893248480101,-3.0822802933422198,0.35
1.398434001228317,-4.19719673004055,0.0
0.8458799116842206,-2.872951945355424,0.35
1.8493643712356018,3.280431617281085,1.6
-3.9047527071792754,-0.9973144785140766,0.0
2.3352158777599676,-3.3629693848114153,0.0
0.6652367003571316,1.718389818757231,0.35
-1.4520639276061775,3.3198227420260107,1.6
0.10658185046713786,1.2699483994050995,0.35
-3.591272032952213,-4.7683982546733095,0.0
-4.492514291750137,4.039201481982159,0.0
3.8264238424825123,3.0759143916184257,0.0
-3.0038790876513923,0.2545865194950325,0.35
2.9611710054837337,1.7466918125577378,0.35
-3.8447880632406237,3.9554119981242373,0.0
-3.3931760722203776,-3.2820430658666453,0.0
4.010086291707083,-0.15383060905483958,0.0
-1.2710817404353314,0.536567422980565,2.8
4.813973328321113,-3.803695447589571,0.0
2.569488487920653,-1.656741377558725,0.35
-3.829507291523763,-0.7806664464706135,1.6
0.4875287772527095,-2.9403836227185307,0.35
-0.9473054090339748,1.3567602547229054,2.8
0.7644801972022215,2.231605940548506,0.35
3.3640453293740116,-0.9085966823062632,0.35
-0.7703272453777252,-0.03307865544846855,0.35
0.6635337838130351,-3.9167732576210836,0.35
-1.8736464580522592,-3.2810820462297574,1.6
-1.141472376558684,4.733540725740365,0.0
0.827309566809797,-0.7061848007945368,0.35
0.659368952237088,1.6907655542717928,0.35
-0.6504653670959906,-0.5229019574711282,0.35
2.014011293817086,-4.391374167942987,0.0
0.4008056828834414,0.4732781221770139,0.35
2.5675226112838088,4.82644752336658,0.0
2.9575478678680813,0.03788612650468082,0.35
-3.3054682039282146,0.8826097163317055,0.35
3.3429888671268593,4.3241406364533255,0.0
3.253103794941005,-3.110313936374365,0.0
2.125758643493314,3.801549474858433,0.0
1.8101696662697524,1.8575204092821522,0.35
0.0016228625107874706,1.3697622212550513,0.35
-2.056192807769789,-4.111899132142548,0.0
3.277149047454005,4.4314430739151565,0.0
3.568223353769442,-1.6608644621919701,1.6
-4.064698486920717,-2.1986161236859347,0.0
3.428353758099,1.5581450763321598,1.6
4.666942441029372,-1.5731898156289659,0.0
0.5147212029164239,2.9003822163822788,0.35
-2.660080572681877,4.6408997465966575,0.0
0.9239767249181483,-4.9210243668034686,0.0
-4.748467243719876,3.8221601640159513,0.0
1.4528152776107746,2.6307251906386213,0.35
2.8401600095690807,-0.7954022374922349,0.35
2.9861124614230183,4.375324448125381,0.0
-3.2782889223037834,2.641363995420206,0.0
-1.9220799238443496,-1.7850699694614613,0.35
-0.8724514896361377,3.637195199080855,1.6
-4.779439326899508,-0.6607379318973603,0.0
1.8004764956927053,-3.8958454171747805,0.0
2.922535970174165,4.419025978973529,0.0
-4.090651789230214,-3.4705186216912187,0.0
4.740972249462029,-3.0214435921425844,0.0
-4.210603242967955,4.521925363959001,0.0
3.9262270980946887,1.557254727331311,0.0
0.5143092728755327,4.192326963027703,0.0
1.5552007511142278,1.5839665931506994,2.8
3.4368556420195304,1.532456772924209,1.6
0.03676887037677545,-1.1027850210155208,0.35
0.03133892791240811,0.2247864908719439,1.2
-1.3916811888174818,-0.5188159101965395,0.35
3.0187193286352123,-0.8348663132411218,0.35
-4.744402333645707,-2.1698067822615084,0.0
-2.6825813590830183,2.9358201183196844,0.35
-0.5070694152819124,-2.1968945696486686,0.35
3.1070488384162473,-4.80783195443388,0.0
-3.257491572687824,3.2695481939580002,0.0
0.5065172766040256,2.7364977457948036,0.35
3.381760147620776,4.4196348858853955,0.0
-4.36575400696662,2.9923474329847197,0.0
2.0876614821983486,-2.9297439932344083,1.6
4.3170226634012305,-0.9579811969360801,0.0
3.876105274548042,1.051137046649254,0.0
0.2674794654095658,-3.404760661040206,0.35
4.143276242873128,0.5666190736224621,0.0
-4.939075945031826,-4.817154589297168,0.0
2.776326050180476,-3.380636466216104,0.0
0.9873843562814519,1.810819619339803,0.35
-2.2063440705150317,0.6931380841141248,0.35
-2.5974125401092527,4.463154273679505,0.0
3.6017015634916696,-2.1195720850253084,0.0
0.288144909503397,0.00632857153905686,0.35
4.600232579500741,-1.05971219816146,0.0
0.6222755462156684,4.287065948874371,0.0
-3.3718894882344186,0.5048560327833806,0.35
-3.9432707963817037,1.1749893181850055,0.0
-1.3431679661299532,4.676360731796006,0.0
-0.8459081885147368,-3.638123624582932,1.6
3.3399996092840407,3.2086669142291413,0.0
1.948596195427844,2.4881180188422807,0.35
-2.3528478231059315,1.4205350042278129,0.35
-4.619801287946064,-3.0310985610996544,0.0
4.322794475530866,2.392352970826587,0.0
-2.6932745901074218,-3.886169104807119,0.0
4.489194448685016,-3.8781233393986723,0.0
-2.429299519527518,-3.1736600700054285,0.35
-4.925361795882321,-1.8586522590195598,0.0
4.741788715987626,-1.5809669419064356,0.0
0.0430487946777367,2.459357839217814,0.35
0.5108010207921607,2.4359150741230664,0.35
1.6163586819051527,1.085630229990148,2.8
1.496489072117452,2.9916436207825106,0.35
2.101913948011042,2.917749207051915,1.6
-3.5440236171646866,1.776737327105403,0.35
2.370219123255332,-2.0003356750316548,0.35
3.7457732784328233,-1.9528839669729958,0.0
-2.561678806235027,3.670968154805113,0.0
-2.529801618835733,-0.8449753756819991,0.35
-1.3207716996318108,3.980618225582724,0.0
-0.4476426171203576,1.9430893329621561,0.35
2.9403890464382894,1.2790358074717627,0.35
4.4369449832491465,3.0250752925600803,0.0
-0.9979337232513688,4.508118432576833,0.0
0.24574833271334118,-4.774226770551041,0.0
-2.3998672034710324,1.2172958703726655,0.35
-3.4318509767556327,0.8406804489320363,0.35
-1.3840197769247018,0.34385480058274,0.35
-4.981251521267471,3.484213546686984,0.0
-1.3807451222447167,-3.5984156572204693,1.6
-0.6208414299492002,-0.13822706511165883,0.35
1.3740271049618888,0.2456244035227968,0.35
-4.564764179329374,3.715123220777647,0.0
-0.4349106821303872,-4.2301222746699105,0.0
2.728282365291851,1.6015441878306822,0.35
1.4943777276922177,-0.7308599826443896,0.35
-0.8950293737901163,0.3633863638734276,0.35
-4.4940558710089675,-2.0104223578207914,0.0
4.8789417356237355,1.6219248912807585,0.0
-0.8106583458267789,-2.7763689705954695,0.35
2.4520936190023344,-2.3970969029380864,0.35
-3.3762989615370467,-3.454850997657127,0.0
2.292632791647325,1.4281025428871743,0.35
-4.301939006287694,-3.849571846377975,0.0
1.338468673535771,0.7111610187215902,2.8
1.8599906037181348,-3.2196109163673805,1.6
2.2658790621716705,4.360964673305498,0.0
1.010503145354412,-3.038699803572161,0.35
1.7954385528410652,-1.5691831645393561,0.35
-4.507122536142786,-1.9766130464750153,0.0
4.05585101950132,-0.8886067982402484,0.0
3.646653380310923,0.08659343522791652,1.6
0.16977988959600054,-4.947836789351056,0.0
1.3710407328897212,-3.9218615496957976,0.0
-0.21251585317945665,-2.3968314434190106,0.35
-1.0761703417068516,0.3707735566680084,0.35
-4.855358853980272,-2.154164167283772,0.0
4.896119342918649,-4.426008741794404,0.0
-1.8060651184263166,-1.7857852503535177,0.35
-1.2061407906723742,1.8478091844234532,2.8
-2.5225620131703543,-0.39730655863947195,0.35
1.448635668524492,-1.7767794167141138,0.35
4.487725805032547,4.796726349426812,0.0
-3.8032643231248886,-1.5618011559918985,0.0
-2.920279301935247,-3.132104044428848,0.0
-0.09020161661720483,0.6382710813487886,1.2
-0.7434795940240075,-2.274451269026393,0.35
-2.2137842574636037,4.921281563407309,0.0
4.236773739902505,-4.241011590106428,0.0
1.5655065199612563,-0.4312239251515573,0.35
1.8881409719916196,0.9696070554055343,0.35
3.8925240008241744,-4.33011685711175,0.0
-1.5040208794229448,4.854941257755847,0.0
-3.1771465100938325,-3.726665604933528,0.0
2.289720060005754,2.7743516001746347,1.6
1.7227354767466014,2.7619582875992528,0.35
1.9372157209317216,-3.6422931771082325,0.0
1.0822189747850706,2.768766825595325,0.35
3.6551660632446783,-2.537647573162923,0.0
-3.7256923906146144,2.8109044358257957,0.0
-2.4345165496433463,-4.680705216791127,0.0
3.2521356364930423,0.059911338108600276,0.35
-1.7336686757157804,-4.885708947684508,0.0
-4.646725552920524,2.9262327056029473,0.0
-0.10294115035135576,-3.5027795070353984,0.35
-1.4149437275098187,-3.346948524624771,1.6
-3.871184468196134,-2.236921793258564,0.0
0.49508547462397434,-2.899933921877731,0.35
-1.5632891871523293,-0.22069116043540316,0.35
-0.7997026081684808,-3.7137220087871037,1.6
-4.611343644641118,-4.6454127305106105,0.0
-1.4982098197213265,2.1880207853732276,0.35
-3.6874470127072936,2.8698011636442553,0.0
2.1567430931383678,-4.960565091143888,0.0
-4.7325212701815484,-3.0496678446194836,0.0
-4.4387908894941495,0.31343105270305927,0.0
-4.6037273854158425,3.0264583799539775,0.0
-0.07037931054189528,2.279543666724776,0.35
2.507025509358412,0.06763939670232677,0.35
4.253628762534662,4.90240773855308,0.0
-1.4078531398545415,-3.7413585975076646,0.35
-1.367618213521331,-2.766461029857299,0.35
0.3100566706175014,-1.2161239874759855,0.35
-0.19550585713209134,2.631875760760015,0.35
-2.2597902545814783,0.37474724639725476,0.35
-1.648387506713116,2.849608641206613,0.35
1.3953663240769636,-4.914952694893893,0.0
1.6005134110521837,-3.2983799193341765,1.6
2.2447379020303924,0.6733866684545813,0.35
-0.9851732227682533,1.9406642920725847,0.35
3.565932858687802,2.7874371386207315,0.0
0.4537927657190757,2.2269432025952973,0.35
-0.860854456072464,2.890261215631287,0.35
3.290518916228182,-3.6270616312360127,0.0
-2.619686404060537,-2.300112626508416,0.35
-3.3391828101790844,-1.0746499310257929,0.35
-3.0696678855038773,0.9553931092660948,0.35
-3.9838455710238407,-2.300808469732436,0.0
1.6552064594635674,-1.0145487686665078,0.35
-0.7853725814659231,2.979252529583892,0.35
4.845115532909865,0.6506778325421294,0.0
-4.209328285363922,-3.970970257763641,0.0
4.68500722029416,1.7923491274847159,0.0
2.5246911833381933,1.757637576855414,0.35
-3.2038239830484674,-0.5163783917523803,0.35
2.9808043761936567,3.6636296294207327,0.0
-2.6266448525362796,0.9596179083382061,0.35
-3.4289809726154665,4.5827687312175165,0.0
-2.477957110075124,2.266351286038967,0.35
-2.6888705577314562,1.160539428785416,0.35
1.5926430702265648,-1.715718965452473,0.35
3.1883386542605123,3.8537089824745046,0.0
3.5506993025399503,-1.692017805352827,1.6
2.4434025901265404,0.5949075486922419,0.35
0.9262832449201159,-0.22574914741538166,0.35
1.0026114796887162,-3.6434584196425,1.6
-0.911527668825447,-3.22328238012054,0.35
-2.1989446902857424,-3.7218546407786626,0.0
-2.8750439477797993,2.8192925578771586,0.0
0.4983646217767026,-4.76356881487765,0.0
2.8852448380211557,4.0946839592949065,0.0
3.804292757826376,3.230168828733218,0.0
4.922164428009369,0.8640195553793291,0.0
4.625876285149049,4.488442325014274,0.0
-1.8676126949656071,3.6343375605587074,0.0
2.9247266555877713,2.7579877740108563,0.0
3.9628077129192203,-1.1580999007969228,0.0
-0.999450341126181,1.400523092036364,2.8
2.3780453781434208,3.797371026576146,0.0
3.7584532065928187,2.213396243862599,0.0
4.568927778215228,-3.2137138105375773,0.0
4.503398471800862,-4.358085179663784,0.0
0.556218811919182,-4.0980304299187775,0.0
0.6800097519813644,-1.0989028754428052,0.35
-4.183905684976131,1.4811680502418838,0.0
2.311979996228418,-3.258145863800187,0.35
1.9443671930876896,-3.209524508522671,1.6
-3.626035506847235,-3.5263673347525426,0.0
0.9907846895433492,2.787908081266032,0.35
0.9689370147381364,3.09351453018245,0.35
0.9147734107036918,2.9732124734848675,0.35
4.765225011333007,-1.090401920317754,0.0
-3.500578230731053,-3.6460318829504237,0.0
0.9747759665659803,0.47103065855341963,0.35
-3.1576462145796924,3.821049626676734,0.0
4.567483684541884,-2.467843568966983,0.0
-2.9311706909893296,-2.8607814769245277,0.0
-1.1257847030864054,3.5322717529894625,1.6
0.9596060994111788,-4.324465682673301,0.0
-0.27020914827932785,-4.096683169719074,0.0
-0.9378588599155986,-0.9647985769668299,0.35
1.4835266570964567,0.4945396696310098,0.35
3.7475478233908603,-4.837248173345277,0.0
2.7399882209464907,-4.773416590441583,0.0
-1.9571017152363401,3.7966313817956348,0.0
1.9041417167712176,-3.280033216338567,1.6
-0.092154558880571,2.219041809779858,0.35
4.373433213395293,1.3432119921820371,0.0
-4.753245885670728,-0.002981403037164654,0.0
-3.4703836082917228,-4.5222044952507865,0.0
0.9851063468158427,2.7692190251042446,0.35
-4.639394445035957,2.8358927096551945,0.0
2.0638787981150877,2.519868881683614,0.35
-2.5527162728429955,-1.0640454450657089,0.35
-3.8024917279278103,-2.611090497655335,0.0
-1.9721032852256992,-1.8056336046321384,0.35
-3.249601119031882,-3.1128820192885662,0.0
4.014703997921602,2.8389361481560584,0.0
-1.5552229650856262,4.476435394809608,0.0
-2.610772872076761,-0.9317954654994933,0.35
3.1352531143457067,-0.5711362979637338,0.35
-2.6537467709185405,-1.3146453237851166,0.35
0.007210723746815972,1.2064438366033734,0.35
-0.943935004184767,-0.6869566888002581,0.35
-2.360563871985748,0.35347298417411643,0.35
-2.805437662304536,3.6752621810807575,0.0
2.4736707026630143,-0.8972101158581589,0.35
2.4722784703284777,-4.93004058190627,0.0
-1.5551077735760344,-0.5969885185321147,0.35
-0.3020149245430268,2.487314777103389,0.35
4.628074275617138,-1.2000286955719695,0.0
-1.4940015047212531,1.1051522658039614,2.8
-2.187463858084211,-3.5864966618481073,0.0
4.615408704921988,3.095299568090221,0.0
4.584995530241278,-2.8216712131608332,0.0
-4.821907850303294,-0.6273842426189358,0.0
4.336089629915813,-3.616746611282411,0.0
-3.8281447716540162,-4.31047215754158,0.0
2.6501799893197475,2.8592653383353897,1.6
1.9537605566346405,-4.467081548776639,0.0
2.232883358152038,-0.5137119153831282,0.35
-3.4210557806339503,-2.0487398951539793,0.35
0.011468399329609191,-1.7034852773031894,0.35
4.6974922674159245,-0.2525825829280066,0.0
-1.2784948974785637,1.7316542896803666,2.8
1.505450568559148,-4.975607195947326,0.0
1.1847369830074292,-2.562310252309663,0.35
-1.247663584120784,2.063488907348443,0.35
0.5738622101069577,-1.3134485584490307,2.3
-3.3258964816287593,0.054821872477531564,0.35
-1.8063397649279676,4.129278084080751,0.0
0.3434664028905061,3.6596399417041248,1.6
-1.098189715164887,3.2743716378796055,0.35
-4.4346309782792135,-2.0188097443198503,0.0
-4.218240669553007,-4.6834981928512605,0.0
4.188622453231188,2.1686874439967987,0.0
1.2511006446847066,0.3249280941183299,0.35
0.69554036216842,1.386903813864535,0.35
3.2657979474010332,0.9688855579552822,0.35
2.485807631108824,-2.190219481702651,0.35
4.767617378164722,-4.681027915629711,0.0
-1.1342340472268453,3.820495515037038,0.35
-3.1947703731380983,-3.5866190706634207,0.0
-1.345692331000865,-0.7180529948317247,0.35
4.333940606617277,3.361195347088211,0.0
-0.35910362309485855,4.729751008816031,0.0
1.4227840415906439,3.736587319818913,0.35
-2.5394301951317457,-0.11035925700017213,0.35
-4.702827866435667,-4.911198067335512,0.0
2.0545322093946448,-3.8170637753439927,0.0
0.47808237110817586,1.9600748221002,0.35
-4.677654137703607,-0.5125860085431801,0.0
1.841519369858398,3.8973098785485014,0.0
-2.0076989939834355,4.742165296843302,0.0
3.4454149965969734,1.5063507208185438,1.6
-1.0807449275386882,2.111103761994986,0.35
3.1619326907035337,-1.9670012511344268,1.6
4.928300649070293,4.08619369754639,0.0
-0.14498559657077337,2.228299157753952,0.35
0.24008894618781884,2.6093055219702617,0.35
3.2698220387798145,-4.7677744484295745,0.0
-4.208679702993507,-1.6353258412327296,0.0
4.176136326323496,-1.0172641685661032,0.0
3.8751221520192427,-0.37566087368247025,1.6
-2.111470796884266,4.006451830624952,0.0
0.6067076891867753,-1.3951570496995869,2.3
-4.555929963721832,-3.890668675517761,0.0
-3.606896723584695,-1.3516370958939374,1.6
1.07332955744344,-1.9240988557807013,0.35
-4.344723662351998,-2.351912626826662,0.0
-0.9131834910038981,4.92269928672329,0.0
-1.0701309524906133,-4.10804581252556,0.0
0.8111481447393345,4.1964007262628975,0.0
2.866956988617501,3.3621830918723656,0.0
4.282317961023304,1.3654350338553805,0.0
4.949227306534986,-4.667184301203492,0.0
3.348396761435623,3.5701066952226164,0.0
4.16700390761965,-0.2183054236415094,0.0
2.8775592362060003,-3.049196008788202,0.0
1.0313022517821437,-1.4135484763653858,0.35
0.9617365066197543,1.7556050715830027,2.8
-1.5293133325382113,-2.8376170069712803,0.35
-1.7831209114066526,1.639572451074426,2.8
1.7687423367281054,2.413169360240989,0.35
-3.73463391427294,3.1851739025446157,0.0
1.881478015409554,-4.694949233093608,0.0
-1.6440215056494925,-0.33288744093522915,0.35
-1.3938250961318523,-3.825831117915869,0.0
-2.92653715494993,-4.754386050898675,0.0
-4.0692283864743715,-2.3369988227545524,0.0
3.1997026563573066,0.2663750993720022,0.35
-0.7550210930889403,1.6216294395854902,0.35
0.4151056032500522,-3.6848607324437377,1.6
-2.7737663617581045,-2.7747763900939235,1.6
0.9995251261234213,-0.38375633810653564,0.35
-1.1241493743914632,0.5663917288178801,0.35
4.701157857825573,-1.8580654394412321,0.0
0.2019543363351728,-0.1962998435588439,1.2
2.166430317458447,2.3029026798291605,0.35
2.2907072141304052,-2.984804200612552,1.6
-0.5090686363881227,3.111746910291375,0.35
-1.1846982945935625,4.842551172899288,0.0
-1.3521325820780081,-0.023331726580318346,0.35
-0.25474405197453187,-0.6633619753075752,0.35
3.456313683196216,-3.4472476245198647,0.0
0.6766470641398303,1.186015773554237,0.35
3.5122130806937086,1.092001599261084,1.6
4.600203477877807,3.7216771226092895,0.0
-1.512600516472685,3.599064452908344,1.6
4.5847781409345565,-2.428028190754137,0.0
1.1020880666440842,-2.1819608765786445,0.35
1.4956727908221756,-4.063571954529781,0.0
2.3418802186905747,-0.8018017140465714,0.35
0.8730717867643678,-4.741375974765019,0.0
1.954414552103283,-0.04008645864756577,0.35
1.25251007687842,-1.8433202762382592,0.35
-3.541798265785856,-0.6457105800385801,1.6
4.439791212863632,-2.722059733461947,0.0
1.7583901203525167,-4.501564559654586,0.0
2.180997852669284,-2.615628131985069,0.35
-0.4848293977066751,-1.3224689940522594,2.3
-3.871596566826445,-1.5441804748822427,0.0
-1.4987504170681443,0.221056390297516,0.35
4.7235153293998735,-0.29982477489369685,0.0
4.144261556326338,-0.3844234143744458,0.0
-3.9245669912506056,-2.698471047240598,0.0
-0.924823239423997,-1.7463122702981524,0.35
3.658292875324916,1.7864560219655132,0.0
0.7830845191867342,-0.08770448763309435,0.35
-1.0272938171093315,1.1219243983201128,2.8
-3.75392834555619,-3.3746681178309434,0.0
-1.9688364660330002,-3.288153835389256,1.6
1.7709871902481664,-4.752316785937547,0.0
-3.398225083332499,4.026081094988033,0.0
4.97543148222087,-0.12409522171906939,0.0
-0.04629926978241716,2.733987622374382,0.35
-4.638104223794249,-0.7297851809902189,0.0
-4.001721181850401,-0.9907361734351401,0.0
4.838218411288748,2.5363328080336114,0.0
4.850458756852179,2.460486256706017,0.0
1.0811007180658834,2.542208329272434,0.35
1.5909167297098472,-0.3593397009809163,0.35
-2.0745366599479,0.2017805933435488,0.35
-2.4150652609856946,-0.13323653557854698,0.35
-3.53864594078914,0.6539509897004079,1.6
-2.5471630918789523,-2.0639189605843034,0.35
-0.009718582176115653,-3.3747374697841925,0.35
4.623798836359191,-0.5305568460712387,0.0
-1.477207703732489,-4.70803394907419,0.0
3.4325436311223285,1.2583391530638437,1.6
-0.8359484515870275,-2.544672006615243,0.35
2.451374186753852,4.454745757416671,0.0
-1.191902943479798,-3.651239316207687,1.6
-3.908052527272626,-4.936380276661141,0.0
2.4395544077172193,4.813953859016705,0.0
4.9281775275356825,2.8419725434292555,0.0
-3.378162217039564,4.777094559131216,0.0
-1.7218655699804906,-1.6638039050745634,0.35
1.873369528924389,-4.509508129255487,0.0
3.257697299075593,4.97297276487744,0.0
2.7506977808991735,2.8167649120733316,1.6
-1.09686329433449,-4.340786109843431,0.0
2.926674342344233,0.9715808690480054,0.35
4.0933868912208435,-3.8403709983316747,0.0
-1.9487693690589172,-1.3934384627661354,0.35
1.8327970854469147,2.8774516310315503,0.35
4.610204085844202,-2.0459284167584557,0.0
-0.06363591435752713,-4.710390699187016,0.0
-2.470121218911121,-1.2599649188035968,0.35
0.9380620652544822,-0.2915450640082593,0.35
-1.3552494022300268,1.2407796652934158,2.8
3.2861567711700026,-2.583188670152108,0.0
-1.571241207395877,2.049236496870199,0.35
2.779405987585303,3.2539687173464724,0.0
-2.9066878110297134,0.39266961244415644,0.35
4.000110985252844,-1.0804954490850829,0.0
-0.7011690977844429,4.848229439006857,0.0
-3.869473539674946,2.0560198946163597,0.0
3.501841270408919,-3.4920648336598257,0.0
2.1445323600723745,-0.30261777989557714,2.3
3.5289088467464325,4.074523168359061,0.0
3.724849031545734,-4.356148624209872,0.0
2.5685527681497424,4.215275749858293,0.0
1.21348440670931,1.0087606047849018,2.8
-4.54994612601889,3.5603302220593847,0.0
-4.535964391708385,-1.8649039361532607,0.0
4.258630652872155,4.497451427295122,0.0
4.9190054047592255,-0.23597714387113733,0.0
-3.225704536189892,-0.12055513170916132,0.35
-3.9768707491695077,3.725361089699698,0.0
0.6053723326650484,-0.9549410083324474,0.35
-4.204692975191956,-0.9475932318336957,0.0
3.6619160839010885,2.0340593247721275,0.0
-4.175444824890334,-3.4009280027382416,0.0
-1.0769150929249536,-3.9862491731408136,0.0
4.340411919932709,1.522920446308759,0.0
-4.051769986960549,2.8805746238046073,0.0
-1.315940714280571,-2.551293554467792,0.35
0.6998494193969105,-4.866278668794587,0.0
-0.34602339895744993,3.4380499309516956,0.35
4.280575959855684,-1.5744529558356026,0.0
1.4243658816504432,-2.731765616311664,0.35
0.6021307098470903,-2.45972273846811,0.35
0.7135650862745289,-3.2827788270676903,0.35
4.412325567607434,3.869174764072916,0.0
-1.6308175055116014,2.766628889249426,0.35
-4.044958692678055,2.403609087054239,0.0
-2.1754087038729586,-3.643582313241377,0.0
1.7819121790361372,-0.30193182180610734,0.35
0.3013960173044392,0.20529784137920792,0.35
-4.405520178939804,-4.48619750907323,0.0
1.011675039480969,1.238646423554166,2.8
-4.528254434848854,-1.2156066811218222,0.0
1.1285127956042738,1.5668065575307635,2.8
3.282757592765515,-0.7926771640311916,0.35
0.4825778114696879,0.7856037560881726,0.35
-1.8795471669968098,-4.461745975583884,0.0
-4.957740737948954,3.361254161185249,0.0
-2.9976817747761366,1.3025466415913556,0.35
0.7704747864391956,-1.0036692325948104,0.35
3.3349330870063376,1.9840159569337903,1.6
-4.77258536560827,2.766940733566847,0.0
0.06998818001762253,-1.5298071091715313,2.3
2.268846565116779,1.860656296462694,0.35
-1.8941176213105093,4.830388714978813,0.0
1.4870848671175327,1.0577971245389364,2.8
-4.301196365182279,-2.2068121965526255,0.0
-0.5302599767355858,1.306257043096764,0.35
0.12763630730377784,2.6303293347139123,0.35
-2.3743228753209813,2.0215699528248434,0.35
3.1659704689116257,2.650499755829533,0.0
2.708465845880335,3.885070572621654,0.0
-4.158214575195105,1.97191571374103,0.0
4.68678201116461,0.7365064987453813,0.0
-2.826836880156074,4.987538057742128,0.0
-3.2532270717852105,-1.644423026251407,1.6
-3.279378115828322,-0.35487131249931725,0.35
-0.8112399038904172,-0.08759103489427211,0.35
4.279834000554295,-0.2167561416577488,0.0
0.1462632621364417,3.86682105918468,1.6
3.1775799401483233,-2.602779687745558,0.0
-4.870740447711498,1.2949959220205107,0.0
3.448498238375201,0.5285011261040005,0.35
-2.8882307998715486,2.413550906753068,1.6
1.6953928261126991,0.6503253740855284,0.35
3.6333617402098373,2.8424235293903273,0.0
1.679520914227803,1.647586690232183,2.8
1.6220263429827488,0.25164744916563997,0.35
-0.36078355356153047,2.096004594987196,0.35
1.1049448147023107,-0.10019437699456901,0.35
-3.7333864608895837,2.0192878865316555,0.0
1.459985705779654,-1.577515740264964,0.35
-1.4367683378492324,-2.5327761586474775,0.35
4.619152563650189,3.602013628687226,0.0
0.6104902941221679,-0.9834685344148575,0.35
2.3682526369642334,0.27728176125997184,0.35
4.75851033915114,-4.448773860778454,0.0
-4.657142659465249,0.686110179733733,0.0
-2.9672077731109328,1.0430416355019245,0.35
2.8142302854717736,-3.6189023881512714,0.0
-0.5939177581047206,1.886670834493552,0.35
3.338635706729713,-0.03655909963642756,0.35
-2.938464130939784,0.8579925558563293,0.35
-0.4548293127500047,2.7192542700448588,0.35
0.5557606420294805,-2.205771550295692,0.35
2.543929197211882,0.1774701296195964,0.35
-3.224534477216725,0.6307232314199451,0.35
4.483200598458728,2.055162609377361,0.0
-2.0119663854202106,2.1087317529285805,0.35
-2.1739368899782106,0.42688837541261826,0.35
0.26595763787552773,-2.5260912108819635,0.35
-1.5211880012018195,4.421814547860457,0.0
-2.494014635845664,3.0102704363098596,1.6
1.6737058001214002,0.32629132525764515,0.35
-3.6248513053483657,-2.954292472936222,0.0
-3.2102237640959608,0.8679425897375239,0.35
4.733831967184781,3.772392627749948,0.0
-4.747481170704227,-2.2627337553765345,0.0
-3.4274254106297786,4.756778418979017,0.0
-2.6438976540218495,-2.986868149612061,0.35
1.2087529358225924,0.5618658357478648,2.8
-2.7414851621876513,1.7036486453724216,0.35
-4.029927887053109,-4.8063093396910785,0.0
-4.175852092936532,-1.3513177402422736,0.0
4.750163278748174,0.47246998809363916,0.0
2.5472610301546714,-1.7850424776844065,0.35
2.1933906548332915,4.661811981223575,0.0
-1.4223910971794673,4.99059434735025,0.0
1.384099510316661,2.4859141246472385,0.35
-2.4783276115185005,1.4309076917724166,0.35
0.11006251462387429,4.5640264547743605,0.0
4.046750477895154,-1.0332740107492278,0.0
4.468697515382335,3.8481255275000965,0.0
0.9038385036913921,-4.178820912104597,0.0
-3.392097593404623,-4.231257553261997,0.0
-3.92006885350939,4.769523743930776,0.0
-2.878327007838477,1.9085458234066301,0.35
1.3652825768276964,1.311448648530038,2.8
-2.932960004039702,0.7934659438460958,0.35
1.2553834958495163,0.7040531664511107,2.8
-3.1383753272432138,2.2306059707470896,1.6
-4.26756838083489,0.912000118196219,0.0
-0.6374066759868668,-2.497134068669263,0.35
3.0738898902613876,-3.241074333278161,0.0
4.32981759897951,3.845650283211871,0.0
-1.3941245283791703,-1.9484706914140668,0.35
-3.6251331658109787,4.1632781593395585,0.0
1.2753185882327198,-4.6821641785659684,0.0
0.10999414561610443,-4.142010521706131,0.0
0.7375068495284172,0.08961718320812473,0.35
-4.17153954497278,3.1586059311677275,0.0
-2.3768282283372235,0.41484364166699006,0.35
1.3903887663053442,4.623045335751666,0.0
-0.061883071201540574,4.173157722879235,0.0
-1.4514265865230112,3.57437201649995,1.6
-2.6417377304858327,2.0747976243541775,0.35
-4.1138800624500345,4.860503566836593,0.0
4.53936399862368,-0.5778636148262226,0.0
0.23935217990253577,0.9777486231802213,0.35
